Experiment Data,Data Path,Label Path,index
20230629,Y:\segmentation2\20230629\good\ds4x_63148_05.15_0001.dcimg.h5,Y:\segmentation2\20230629\good\ds4x_63148_05.15_0001.dcimg.labels.tif,0
20230629,Y:\segmentation2\20230629\good\ds4x_63148_05.15_0004.dcimg.h5,Y:\segmentation2\20230629\good\ds4x_63148_05.15_0004.dcimg.labels.tif,1
20230629,Y:\segmentation2\20230629\good\ds4x_63148_05.15_0006.dcimg.h5,Y:\segmentation2\20230629\good\ds4x_63148_05.15_0006.dcimg.labels.tif,2
20230629,Y:\segmentation2\20230629\good\ds4x_63148_05.15_0007.dcimg.h5,None,3
20230629,Y:\segmentation2\20230629\good\ds4x_63148_05.15_0008.dcimg.h5,None,4
20230629,Y:\segmentation2\20230629\good\ds4x_63148_05.15_0014.dcimg.h5,None,5
20230629,Y:\segmentation2\20230629\good\ds4x_63148_05.15_0015.dcimg.h5,None,6
20230629,Y:\segmentation2\20230629\good\ds4x_63148_05.15_0016.dcimg.h5,None,7
20230629,Y:\segmentation2\20230629\good\ds4x_63148_05.15_0017.dcimg.h5,None,8
20230629,Y:\segmentation2\20230629\good\ds4x_63148_05.15_0019.dcimg.h5,None,9
20230629,Y:\segmentation2\20230629\good\ds4x_63148_05.15_0020.dcimg.h5,None,10
20230629,Y:\segmentation2\20230629\good\ds4x_63148_05.15_0021.dcimg.h5,None,11
20230629,Y:\segmentation2\20230629\good\ds4x_63148_05.15_0022.dcimg.h5,None,12
20230629,Y:\segmentation2\20230629\good\ds4x_63148_05.15_0024.dcimg.h5,None,13
20230629,Y:\segmentation2\20230629\good\ds4x_63148_05.15_0025.dcimg.h5,None,14
20230629,Y:\segmentation2\20230629\good\ds4x_63148_05.23_0000.dcimg.h5,None,15
20230629,Y:\segmentation2\20230629\good\ds4x_63148_05.23_0002.dcimg.h5,None,16
20230629,Y:\segmentation2\20230629\good\ds4x_63148_05.23_0003.dcimg.h5,None,17
20230629,Y:\segmentation2\20230629\good\ds4x_63148_05.23_0004.dcimg.h5,None,18
20230629,Y:\segmentation2\20230629\good\ds4x_63148_05.23_0006.dcimg.h5,None,19
20230629,Y:\segmentation2\20230629\good\ds4x_63148_05.23_0008.dcimg.h5,Y:\segmentation2\20230629\good\ds4x_63148_05.23_0008.dcimg.labels.tif,20
20230629,Y:\segmentation2\20230629\good\ds4x_63148_05.23_0009.dcimg.h5,None,21
20230629,Y:\segmentation2\20230629\good\ds4x_63148_05.23_0010.dcimg.h5,None,22
20230629,Y:\segmentation2\20230629\good\ds4x_63148_05.23_0011.dcimg.h5,None,23
20230629,Y:\segmentation2\20230629\good\ds4x_63148_05.26_0001.dcimg.h5,Y:\segmentation2\20230629\good\ds4x_63148_05.26_0001.dcimg.labels.tif,24
20230629,Y:\segmentation2\20230629\good\ds4x_63148_05.26_0006.dcimg.h5,None,25
20230629,Y:\segmentation2\20230629\good\ds4x_63148_05.26_0007.dcimg.h5,None,26
20230629,Y:\segmentation2\20230629\good\ds4x_63148_05.26_0008.dcimg.h5,None,27
20230629,Y:\segmentation2\20230629\good\ds4x_63148_05.26_0010.dcimg.h5,None,28
20230629,Y:\segmentation2\20230629\good\ds4x_63148_05.26_0011.dcimg.h5,None,29
20230629,Y:\segmentation2\20230629\good\ds4x_63148_05.26_0012.dcimg.h5,None,30
20230629,Y:\segmentation2\20230629\good\ds4x_63148_05.26_0013.dcimg.h5,None,31
20230629,Y:\segmentation2\20230629\good\ds4x_63148_05.26_0014.dcimg.h5,None,32
20230629,Y:\segmentation2\20230629\good\ds4x_63148_05.26_0015.dcimg.h5,None,33
20230629,Y:\segmentation2\20230629\good\ds4x_63148_05.26_0016.dcimg.h5,None,34
20230629,Y:\segmentation2\20230629\good\ds4x_63148_05.26_0017.dcimg.h5,None,35
20230629,Y:\segmentation2\20230629\good\ds4x_63148_05.26_0018.dcimg.h5,None,36
20230629,Y:\segmentation2\20230629\good\ds4x_63148_05.26_0019.dcimg.h5,None,37
20230629,Y:\segmentation2\20230629\good\ds4x_63148_05.26_0021.dcimg.h5,None,38
20230629,Y:\segmentation2\20230629\good\ds4x_63148_05.26_0023.dcimg.h5,None,39
20230629,Y:\segmentation2\20230629\good\ds4x_63148_06.24_0000.dcimg.h5,Y:\segmentation2\20230629\good\ds4x_63148_06.24_0000.dcimg.labels.tif,40
20230629,Y:\segmentation2\20230629\good\ds4x_63148_06.24_0002.dcimg.h5,None,41
20230629,Y:\segmentation2\20230629\good\ds4x_63148_06.24_0003.dcimg.h5,None,42
20230629,Y:\segmentation2\20230629\good\ds4x_63148_06.24_0004.dcimg.h5,None,43
20230629,Y:\segmentation2\20230629\good\ds4x_63148_06.24_0005.dcimg.h5,None,44
20230629,Y:\segmentation2\20230629\good\ds4x_63148_06.24_0007.dcimg.h5,None,45
20230629,Y:\segmentation2\20230629\good\ds4x_63148_06.24_0008.dcimg.h5,None,46
20230629,Y:\segmentation2\20230629\good\ds4x_63148_06.24_0010.dcimg.h5,None,47
20230629,Y:\segmentation2\20230629\good\ds4x_63148_06.24_0012.dcimg.h5,None,48
20230629,Y:\segmentation2\20230629\good\ds4x_63148_06.24_0014.dcimg.h5,None,49
20230629,Y:\segmentation2\20230629\good\ds4x_63148_06.24_0015.dcimg.h5,None,50
20230629,Y:\segmentation2\20230629\good\ds4x_63148_06.24_0016.dcimg.h5,None,51
20230629,Y:\segmentation2\20230629\good\ds4x_63148_06.24_0018.dcimg.h5,None,52
20230629,Y:\segmentation2\20230629\good\ds4x_63148_06.24_0019.dcimg.h5,Y:\segmentation2\20230629\good\ds4x_63148_06.24_0019.dcimg.labels.tif,53
20230629,Y:\segmentation2\20230629\good\ds4x_63148_06.24_0020.dcimg.h5,None,54
20230629,Y:\segmentation2\20230629\good\ds4x_63148_06.24_0021.dcimg.h5,None,55
20230629,Y:\segmentation2\20230629\good\ds4x_63148_06.24_0022.dcimg.h5,None,56
20230629,Y:\segmentation2\20230629\good\ds4x_63148_06.24_0023.dcimg.h5,None,57
20230629,Y:\segmentation2\20230629\good\ds4x_63148_06.24_0024.dcimg.h5,None,58
20230629,Y:\segmentation2\20230629\good\ds4x_63148_06.24_0026.dcimg.h5,None,59
20230629,Y:\segmentation2\20230629\good\ds4x_63148_06.24_0027.dcimg.h5,None,60
20230629,Y:\segmentation2\20230629\good\ds4x_63148_06.24_0028.dcimg.h5,None,61
20230629,Y:\segmentation2\20230629\good\ds4x_63148_06.24_0029.dcimg.h5,None,62
20230629,Y:\segmentation2\20230629\good\ds4x_63148_06.24_0030.dcimg.h5,None,63
20230629,Y:\segmentation2\20230629\good\ds4x_63148_06.24_0031.dcimg.h5,None,64
20230629,Y:\segmentation2\20230629\good\ds4x_63148_06.24_0032.dcimg.h5,None,65
20230629,Y:\segmentation2\20230629\good\ds4x_63148_06.24_0033.dcimg.h5,None,66
20230629,Y:\segmentation2\20230629\good\ds4x_63148_06.24_0036.dcimg.h5,None,67
20230629,Y:\segmentation2\20230629\good\ds4x_63148_06.24_0037.dcimg.h5,None,68
20230629,Y:\segmentation2\20230629\good\ds4x_63148_06.24_0039.dcimg.h5,None,69
20230629,Y:\segmentation2\20230629\good\ds4x_63148_06.24_0040.dcimg.h5,None,70
20230629,Y:\segmentation2\20230629\good\ds4x_63148_06.24_0041.dcimg.h5,None,71
20230629,Y:\segmentation2\20230629\good\ds4x_63148_06.24_0043.dcimg.h5,None,72
20230629,Y:\segmentation2\20230629\good\ds4x_63148_06.24_0044.dcimg.h5,None,73
20230629,Y:\segmentation2\20230629\good\ds4x_63148_06.24_0045.dcimg.h5,None,74
20230629,Y:\segmentation2\20230629\good\ds4x_63148_06.24_0046.dcimg.h5,None,75
20230629,Y:\segmentation2\20230629\good\ds4x_63148_06.24_0047.dcimg.h5,None,76
20230629,Y:\segmentation2\20230629\good\ds4x_63148_06.24_0048.dcimg.h5,None,77
20230629,Y:\segmentation2\20230629\good\ds4x_63148_06.24_0049.dcimg.h5,None,78
20230629,Y:\segmentation2\20230629\good\ds4x_63148_06.24_0050.dcimg.h5,None,79
20230629,Y:\segmentation2\20230629\good\ds4x_63148_06.24_0052.dcimg.h5,None,80
20230629,Y:\segmentation2\20230629\good\ds4x_63148_06.24_0054.dcimg.h5,Y:\segmentation2\20230629\good\ds4x_63148_06.24_0054.dcimg.labels.tif,81
20230629,Y:\segmentation2\20230629\good\ds4x_63148_06.24_0055.dcimg.h5,None,82
20230629,Y:\segmentation2\20230629\good\ds4x_63148_06.24_0058.dcimg.h5,None,83
20230629,Y:\segmentation2\20230629\good\ds4x_63148_06.24_0059.dcimg.h5,None,84
20230629,Y:\segmentation2\20230629\good\ds4x_63148_06.24_0060.dcimg.h5,None,85
20230629,Y:\segmentation2\20230629\good\ds4x_63148_06.24_0061.dcimg.h5,None,86
20230712,Y:\segmentation2\20230712\good\ds4x_re63148_0712_0002.dcimg.h5,None,87
20230712,Y:\segmentation2\20230712\good\ds4x_re63148_0712_0003.dcimg.h5,None,88
20230712,Y:\segmentation2\20230712\good\ds4x_re63148_0712_0005.dcimg.h5,None,89
20230712,Y:\segmentation2\20230712\good\ds4x_re63148_0712_0007.dcimg.h5,None,90
20230712,Y:\segmentation2\20230712\good\ds4x_re63148_0712_0016.dcimg.h5,None,91
20230712,Y:\segmentation2\20230712\good\ds4x_re63148_0712_0018.dcimg.h5,None,92
20230712,Y:\segmentation2\20230712\good\ds4x_re63148_0712_0025.dcimg.h5,None,93
20230712,Y:\segmentation2\20230712\good\ds4x_re63148_0712_0026.dcimg.h5,None,94
20230712,Y:\segmentation2\20230712\good\ds4x_re63148_0712_0030.dcimg.h5,None,95
20230712,Y:\segmentation2\20230712\good\ds4x_re63148_0712_0032.dcimg.h5,None,96
20230712,Y:\segmentation2\20230712\good\ds4x_re63148_0712_0033.dcimg.h5,None,97
20230712,Y:\segmentation2\20230712\good\ds4x_re63148_0712_0035.dcimg.h5,None,98
20230712,Y:\segmentation2\20230712\good\ds4x_re63148_0712_0037.dcimg.h5,None,99
20230712,Y:\segmentation2\20230712\good\ds4x_re63148_0712_0038.dcimg.h5,None,100
20230712,Y:\segmentation2\20230712\good\ds4x_re63148_0712_0040.dcimg.h5,None,101
20230712,Y:\segmentation2\20230712\good\ds4x_re63148_0712_0041.dcimg.h5,None,102
20230712,Y:\segmentation2\20230712\good\ds4x_re63148_0712_0045.dcimg.h5,None,103
20230712,Y:\segmentation2\20230712\good\ds4x_re63148_0712_0046.dcimg.h5,None,104
20230712,Y:\segmentation2\20230712\good\ds4x_re63148_0712_0049.dcimg.h5,None,105
20230712,Y:\segmentation2\20230712\good\ds4x_re63148_0712_0051.dcimg.h5,None,106
20230712,Y:\segmentation2\20230712\good\ds4x_re63148_0712_0052.dcimg.h5,None,107
20230712,Y:\segmentation2\20230712\good\ds4x_re63148_0712_0054.dcimg.h5,None,108
20230712,Y:\segmentation2\20230712\good\ds4x_re63148_0712_0055.dcimg.h5,None,109
20230712,Y:\segmentation2\20230712\good\ds4x_re63148_0712_0057.dcimg.h5,None,110
20230712,Y:\segmentation2\20230712\good\ds4x_re63148_0712_0058.dcimg.h5,None,111
20230712,Y:\segmentation2\20230712\good\ds4x_re63148_0712_0062.dcimg.h5,None,112
20230712,Y:\segmentation2\20230712\good\ds4x_re63148_0712_0063.dcimg.h5,None,113
20230712,Y:\segmentation2\20230712\good\ds4x_re63148_0712_0064.dcimg.h5,None,114
20230712,Y:\segmentation2\20230712\good\ds4x_re63148_0712_0065.dcimg.h5,None,115
20230712,Y:\segmentation2\20230712\good\ds4x_re63148_0712_0069.dcimg.h5,None,116
20230712,Y:\segmentation2\20230712\good\ds4x_re63148_0712_0070.dcimg.h5,None,117
20230712,Y:\segmentation2\20230712\good\ds4x_re63148_0712_0071.dcimg.h5,None,118
20230712,Y:\segmentation2\20230712\good\ds4x_re63148_0712_0072.dcimg.h5,None,119
20230712,Y:\segmentation2\20230712\good\ds4x_re63148_0712_0074.dcimg.h5,None,120
20230712,Y:\segmentation2\20230712\good\ds4x_re63148_0712_0075.dcimg.h5,None,121
20230712,Y:\segmentation2\20230712\good\ds4x_re63148_0712_0077.dcimg.h5,None,122
20230712,Y:\segmentation2\20230712\good\ds4x_re63148_0712_0078.dcimg.h5,None,123
20230712,Y:\segmentation2\20230712\good\ds4x_re63148_0712_0079.dcimg.h5,None,124
20230712,Y:\segmentation2\20230712\good\ds4x_re63148_0712_0080.dcimg.h5,None,125
20230712,Y:\segmentation2\20230712\good\ds4x_re63148_0712_0081.dcimg.h5,None,126
20230712,Y:\segmentation2\20230712\good\ds4x_re63148_0712_0082.dcimg.h5,None,127
20230712,Y:\segmentation2\20230712\good\ds4x_re63148_0712_0083.dcimg.h5,None,128
20230712,Y:\segmentation2\20230712\good\ds4x_re63148_0712_0084.dcimg.h5,None,129
20230712,Y:\segmentation2\20230712\good\ds4x_re63148_0712_0085.dcimg.h5,None,130
20230712,Y:\segmentation2\20230712\good\ds4x_re63148_0712_0086.dcimg.h5,None,131
20230712,Y:\segmentation2\20230712\good\ds4x_re63148_0712_0089.dcimg.h5,None,132
20230712,Y:\segmentation2\20230712\good\ds4x_re63148_0712_0090.dcimg.h5,None,133
20230712,Y:\segmentation2\20230712\good\ds4x_re63148_0712_0091.dcimg.h5,None,134
20230712,Y:\segmentation2\20230712\good\ds4x_re63148_0712_0092.dcimg.h5,None,135
20230712,Y:\segmentation2\20230712\good\ds4x_re63148_0712_0093.dcimg.h5,None,136
20230712,Y:\segmentation2\20230712\good\ds4x_re63148_0712_0094.dcimg.h5,None,137
20230712,Y:\segmentation2\20230712\good\ds4x_re63148_0712_0095.dcimg.h5,None,138
20230712,Y:\segmentation2\20230712\good\ds4x_re63148_0712_0097.dcimg.h5,None,139
20230721,Y:\segmentation2\20230721\b0\good\ds4x_63148_594-655_0005.h5,Y:\segmentation2\20230721\b0\good\ds4x_63148_594-655_0005.labels.tif,140
20230721,Y:\segmentation2\20230721\b0\good\ds4x_63148_594-655_0007.h5,None,141
20230721,Y:\segmentation2\20230721\b0\good\ds4x_63148_594-655_0011.h5,Y:\segmentation2\20230721\b0\good\ds4x_63148_594-655_0011.labels.tif,142
20230721,Y:\segmentation2\20230721\b0\good\ds4x_63148_594-655_0014.h5,Y:\segmentation2\20230721\b0\good\ds4x_63148_594-655_0014.labels.tif,143
20230721,Y:\segmentation2\20230721\b0\good\ds4x_63148_594-655_0016.h5,None,144
20230721,Y:\segmentation2\20230721\b0\good\ds4x_63148_594-655_0023.h5,None,145
20230721,Y:\segmentation2\20230721\b0\good\ds4x_63148_594-655_0025.h5,None,146
20230721,Y:\segmentation2\20230721\b0\good\ds4x_63148_594-655_0026.h5,None,147
20230721,Y:\segmentation2\20230721\b0\good\ds4x_63148_594-655_0027.h5,None,148
20230721,Y:\segmentation2\20230721\b0\good\ds4x_63148_594-655_0028.h5,None,149
20230721,Y:\segmentation2\20230721\b0\good\ds4x_63148_594-655_0031.h5,Y:\segmentation2\20230721\b0\good\ds4x_63148_594-655_0031.labels.tif,150
20230721,Y:\segmentation2\20230721\b0\good\ds4x_63148_594-655_0032.h5,None,151
20230721,Y:\segmentation2\20230721\b0\good\ds4x_63148_594-655_0034.h5,None,152
20230721,Y:\segmentation2\20230721\b0\good\ds4x_63148_594-655_0036.h5,None,153
20230721,Y:\segmentation2\20230721\b0\good\ds4x_63148_594-655_0037.h5,None,154
20230721,Y:\segmentation2\20230721\b0\good\ds4x_63148_594-655_0040.h5,None,155
20230721,Y:\segmentation2\20230721\b0\good\ds4x_63148_594-655_0041.h5,None,156
20230721,Y:\segmentation2\20230721\b0\good\ds4x_63148_594-655_0044.h5,None,157
20230721,Y:\segmentation2\20230721\b0\good\ds4x_63148_594-655_0045.h5,None,158
20230721,Y:\segmentation2\20230721\b0\good\ds4x_63148_594-655_0046.h5,None,159
20230721,Y:\segmentation2\20230721\b0\good\ds4x_63148_594-655_0047.h5,Y:\segmentation2\20230721\b0\good\ds4x_63148_594-655_0047.labels.tif,160
20230721,Y:\segmentation2\20230721\b0\good\ds4x_63148_594-655_0048.h5,None,161
20230721,Y:\segmentation2\20230721\b0\good\ds4x_63148_594-655_0049.h5,None,162
20230721,Y:\segmentation2\20230721\b0\good\ds4x_63148_594-655_0050.h5,None,163
20230721,Y:\segmentation2\20230721\b0\good\ds4x_63148_594-655_0053.h5,None,164
20230721,Y:\segmentation2\20230721\b0\good\ds4x_63148_594-655_0055.h5,None,165
20230721,Y:\segmentation2\20230721\b0\good\ds4x_63148_594-655_0056.h5,None,166
20230731,Y:\segmentation2\20230731\good\ds4x_re63148_0010.dcimg.h5,None,167
20230731,Y:\segmentation2\20230731\good\ds4x_re63148_0014.dcimg.h5,None,168
20230731,Y:\segmentation2\20230731\good\ds4x_re63148_0016.dcimg.h5,None,169
20230731,Y:\segmentation2\20230731\good\ds4x_re63148_0017.dcimg.h5,None,170
20230731,Y:\segmentation2\20230731\good\ds4x_re63148_0023.dcimg.h5,None,171
20230731,Y:\segmentation2\20230731\good\ds4x_re63148_0029.dcimg.h5,None,172
20230731,Y:\segmentation2\20230731\good\ds4x_re63148_0030.dcimg.h5,None,173
20230731,Y:\segmentation2\20230731\good\ds4x_re63148_0036.dcimg.h5,None,174
20230731,Y:\segmentation2\20230731\good\ds4x_re63148_0038.dcimg.h5,Y:\segmentation2\20230731\good\ds4x_re63148_0038.dcimg.labels.tif,175
20230731,Y:\segmentation2\20230731\good\ds4x_re63148_0041.dcimg.h5,None,176
20230731,Y:\segmentation2\20230731\good\ds4x_re63148_0042.dcimg.h5,None,177
20230731,Y:\segmentation2\20230731\good\ds4x_re63148_0044.dcimg.h5,None,178
20230731,Y:\segmentation2\20230731\good\ds4x_re63148_0046.dcimg.h5,None,179
20230731,Y:\segmentation2\20230731\good\ds4x_re63148_0047.dcimg.h5,Y:\segmentation2\20230731\good\ds4x_re63148_0047.dcimg.labels.tif,180
20230803,Y:\segmentation2\20230803\good\ds4x_080363148_0000.dcimg.h5,None,181
20230803,Y:\segmentation2\20230803\good\ds4x_080363148_0001.dcimg.h5,None,182
20230803,Y:\segmentation2\20230803\good\ds4x_080363148_0004.dcimg.h5,Y:\segmentation2\20230803\good\ds4x_080363148_0004.dcimg.labels.tif,183
20230803,Y:\segmentation2\20230803\good\ds4x_080363148_0009.dcimg.h5,None,184
20230803,Y:\segmentation2\20230803\good\ds4x_080363148_0014.dcimg.h5,None,185
20230803,Y:\segmentation2\20230803\good\ds4x_080363148_0018.dcimg.h5,None,186
20230803,Y:\segmentation2\20230803\good\ds4x_080363148_0020.dcimg.h5,None,187
20230803,Y:\segmentation2\20230803\good\ds4x_080363148_0021.dcimg.h5,None,188
20230803,Y:\segmentation2\20230803\good\ds4x_080363148_0024.dcimg.h5,None,189
20230803,Y:\segmentation2\20230803\good\ds4x_080363148_0025.dcimg.h5,None,190
20230803,Y:\segmentation2\20230803\good\ds4x_080363148_0026.dcimg.h5,None,191
20230803,Y:\segmentation2\20230803\good\ds4x_080363148_0027.dcimg.h5,None,192
20230803,Y:\segmentation2\20230803\good\ds4x_080363148_0032.dcimg.h5,None,193
20230803,Y:\segmentation2\20230803\good\ds4x_080363148_0034.dcimg.h5,None,194
20230803,Y:\segmentation2\20230803\good\ds4x_080363148_0035.dcimg.h5,Y:\segmentation2\20230803\good\ds4x_080363148_0035.dcimg.labels.tif,195
20230803,Y:\segmentation2\20230803\good\ds4x_080363148_0042.dcimg.h5,None,196
20230803,Y:\segmentation2\20230803\good\ds4x_080363148_0043.dcimg.h5,None,197
20230803,Y:\segmentation2\20230803\good\ds4x_080363148_0046.dcimg.h5,Y:\segmentation2\20230803\good\ds4x_080363148_0046.dcimg.labels.tif,198
20230803,Y:\segmentation2\20230803\good\ds4x_080363148_0050.dcimg.h5,Y:\segmentation2\20230803\good\ds4x_080363148_0050.dcimg.labels.tif,199
20230803,Y:\segmentation2\20230803\good\ds4x_080363148_0054.dcimg.h5,None,200
20230803,Y:\segmentation2\20230803\good\ds4x_080363148_0058.dcimg.h5,None,201
20230803,Y:\segmentation2\20230803\good\ds4x_080363148_0059.dcimg.h5,None,202
20230803,Y:\segmentation2\20230803\good\ds4x_080363148_0060.dcimg.h5,None,203
20230803,Y:\segmentation2\20230803\good\ds4x_080363148_0061.dcimg.h5,None,204
20230803,Y:\segmentation2\20230803\good\ds4x_080363148_0072.dcimg.h5,None,205
20230803,Y:\segmentation2\20230803\good\ds4x_080363148_0073.dcimg.h5,None,206
20230803,Y:\segmentation2\20230803\good\ds4x_080363148_0075.dcimg.h5,None,207
20230803,Y:\segmentation2\20230803\good\ds4x_080363148_0081.dcimg.h5,None,208
20230803,Y:\segmentation2\20230803\good\ds4x_080363148_0082.dcimg.h5,None,209
20230821,Y:\segmentation2\20230821\b0\good\ds4x_6314802_0000.dcimg.h5,None,210
20230821,Y:\segmentation2\20230821\b0\good\ds4x_6314802_0018.dcimg.h5,None,211
20230821,Y:\segmentation2\20230821\b0\good\ds4x_6314802_0020.dcimg.h5,None,212
20230821,Y:\segmentation2\20230821\b0\good\ds4x_6314802_0021.dcimg.h5,None,213
20230821,Y:\segmentation2\20230821\b0\good\ds4x_6314802_0029.dcimg.h5,None,214
20230821,Y:\segmentation2\20230821\b0\good\ds4x_6314802_0039.dcimg.h5,None,215
20230821,Y:\segmentation2\20230821\b0\good\ds4x_6314802_0042.dcimg.h5,None,216
20230821,Y:\segmentation2\20230821\b0\good\ds4x_6314802_0043.dcimg.h5,None,217
20230821,Y:\segmentation2\20230821\b0\good\ds4x_6314802_0046.dcimg.h5,None,218
20230821,Y:\segmentation2\20230821\b0\good\ds4x_6314802_0052.dcimg.h5,None,219
20230821,Y:\segmentation2\20230821\b0\good\ds4x_6314802_0054.dcimg.h5,None,220
20230821,Y:\segmentation2\20230821\b0\good\ds4x_6314802_0055.dcimg.h5,None,221
20230821,Y:\segmentation2\20230821\b0\good\ds4x_6314802_0057.dcimg.h5,None,222
20230821,Y:\segmentation2\20230821\b0\good\ds4x_6314802_0058.dcimg.h5,None,223
20230821,Y:\segmentation2\20230821\b0\good\ds4x_6314802_0060.dcimg.h5,None,224
20230821,Y:\segmentation2\20230821\b0\good\ds4x_6314802_0062.dcimg.h5,None,225
20230821,Y:\segmentation2\20230821\b0\good\ds4x_6314802_0064.dcimg.h5,None,226
20230821,Y:\segmentation2\20230821\b0\good\ds4x_6314802_0068.dcimg.h5,None,227
20230821,Y:\segmentation2\20230821\b0\good\ds4x_6314802_0070.dcimg.h5,None,228
20230821,Y:\segmentation2\20230821\b0\good\ds4x_6314802_0079.dcimg.h5,None,229
20230821,Y:\segmentation2\20230821\b0\good\ds4x_63148_0003.dcimg.h5,None,230
20230821,Y:\segmentation2\20230821\b0\good\ds4x_63148_0008.dcimg.h5,Y:\segmentation2\20230821\b0\good\ds4x_63148_0008.dcimg.labels.tif,231
20230821,Y:\segmentation2\20230821\b0\good\ds4x_63148_0011.dcimg.h5,Y:\segmentation2\20230821\b0\good\ds4x_63148_0011.dcimg.labels.tif,232
20230821,Y:\segmentation2\20230821\b0\good\ds4x_63148_0016.dcimg.h5,Y:\segmentation2\20230821\b0\good\ds4x_63148_0016.dcimg.labels.tif,233
20230821,Y:\segmentation2\20230821\b0\good\ds4x_63148_0017.dcimg.h5,None,234
20230821,Y:\segmentation2\20230821\b0\good\ds4x_63148_0018.dcimg.h5,None,235
20230821,Y:\segmentation2\20230821\b1\good\ds4x_63148 cleared twice_0004.dcimg.h5,None,236
20230821,Y:\segmentation2\20230821\b1\good\ds4x_63148 cleared twice_0005.dcimg.h5,None,237
20230821,Y:\segmentation2\20230821\b1\good\ds4x_63148 cleared twice_0006.dcimg.h5,None,238
20230821,Y:\segmentation2\20230821\b1\good\ds4x_63148 cleared twice_0009.dcimg.h5,None,239
20230821,Y:\segmentation2\20230821\b1\good\ds4x_63148 cleared twice_0016.dcimg.h5,None,240
20230821,Y:\segmentation2\20230821\b1\good\ds4x_63148 cleared twice_0017.dcimg.h5,None,241
20230821,Y:\segmentation2\20230821\b1\good\ds4x_63148 cleared twice_0023.dcimg.h5,None,242
20230821,Y:\segmentation2\20230821\b1\good\ds4x_63148 cleared twice_0028.dcimg.h5,None,243
20230821,Y:\segmentation2\20230821\b1\good\ds4x_63148 cleared twice_0029.dcimg.h5,None,244
20230821,Y:\segmentation2\20230821\b1\good\ds4x_63148 cleared twice_0042.dcimg.h5,None,245
20230822,Y:\segmentation2\20230822\good\ds4x_63148 twice_0007.dcimg.h5,Y:\segmentation2\20230822\good\ds4x_63148-twice_0007.dcimg.labels.tif,246
20230822,Y:\segmentation2\20230822\good\ds4x_63148 twice_0009.dcimg.h5,Y:\segmentation2\20230822\good\ds4x_63148-twice_0009.dcimg.labels.tif,247
20230822,Y:\segmentation2\20230822\good\ds4x_63148 twice_0013.dcimg.h5,None,248
20230822,Y:\segmentation2\20230822\good\ds4x_63148 twice_0014.dcimg.h5,Y:\segmentation2\20230822\good\ds4x_63148-twice_0014.dcimg.labels.tif,249
20230822,Y:\segmentation2\20230822\good\ds4x_63148 twice_0015.dcimg.h5,None,250
20230822,Y:\segmentation2\20230822\good\ds4x_63148 twice_0016.dcimg.h5,None,251
20230822,Y:\segmentation2\20230822\good\ds4x_63148 twice_0017.dcimg.h5,None,252
20230822,Y:\segmentation2\20230822\good\ds4x_63148 twice_0018.dcimg.h5,None,253
20230822,Y:\segmentation2\20230822\good\ds4x_63148 twice_0027.dcimg.h5,None,254
20230822,Y:\segmentation2\20230822\good\ds4x_63148 twice_0030.dcimg.h5,None,255
20230822,Y:\segmentation2\20230822\good\ds4x_63148 twice_0034.dcimg.h5,Y:\segmentation2\20230822\good\ds4x_63148-twice_0034.dcimg.labels.tif,256
20231110,Y:\segmentation2\20231110_kanazawa_pfa\good\ds4x_20231110_63148_pfa_B01_594_655_200_20mW_000002.dcimg.h5,Y:\segmentation2\20231110_kanazawa_pfa\good\ds4x_20231110_63148_pfa_B01_594_655_200_20mW_000002.dcimg.labels.tif,257
20231110,Y:\segmentation2\20231110_kanazawa_pfa\good\ds4x_20231110_63148_pfa_B01_594_655_200_20mW_000003.dcimg.h5,None,258
20231110,Y:\segmentation2\20231110_kanazawa_pfa\good\ds4x_20231110_63148_pfa_B01_594_655_200_20mW_000004.dcimg.h5,None,259
20231110,Y:\segmentation2\20231110_kanazawa_pfa\good\ds4x_20231110_63148_pfa_B01_594_655_200_20mW_000007.dcimg.h5,None,260
20231110,Y:\segmentation2\20231110_kanazawa_pfa\good\ds4x_20231110_63148_pfa_B01_594_655_200_20mW_000008.dcimg.h5,Y:\segmentation2\20231110_kanazawa_pfa\good\ds4x_20231110_63148_pfa_B01_594_655_200_20mW_000008.dcimg.labels.tif,261
20231110,Y:\segmentation2\20231110_kanazawa_pfa\good\ds4x_20231110_63148_pfa_B01_594_655_200_20mW_000009.dcimg.h5,Y:\segmentation2\20231110_kanazawa_pfa\good\ds4x_20231110_63148_pfa_B01_594_655_200_20mW_000009.dcimg.labels.tif,262
20231110,Y:\segmentation2\20231110_kanazawa_pfa\good\ds4x_20231110_63148_pfa_B01_594_655_200_20mW_000012.dcimg.h5,None,263
20231110,Y:\segmentation2\20231110_kanazawa_pfa\good\ds4x_20231110_63148_pfa_B01_594_655_200_20mW_000016.dcimg.h5,None,264
20231110,Y:\segmentation2\20231110_kanazawa_pfa\good\ds4x_20231110_63148_pfa_B01_594_655_200_20mW_000017.dcimg.h5,None,265
20231110,Y:\segmentation2\20231110_kanazawa_pfa\good\ds4x_20231110_63148_pfa_B01_594_655_200_20mW_000018.dcimg.h5,Y:\segmentation2\20231110_kanazawa_pfa\good\ds4x_20231110_63148_pfa_B01_594_655_200_20mW_000018.dcimg.labels.tif,266
20231110,Y:\segmentation2\20231110_kanazawa_pfa\good\ds4x_20231110_63148_pfa_B01_594_655_200_20mW_000020.dcimg.h5,None,267
20231110,Y:\segmentation2\20231110_kanazawa_pfa\good\ds4x_20231110_63148_pfa_B01_594_655_200_20mW_000021.dcimg.h5,None,268
20231110,Y:\segmentation2\20231110_kanazawa_pfa\good\ds4x_20231110_63148_pfa_B01_594_655_200_20mW_000022.dcimg.h5,None,269
20231110,Y:\segmentation2\20231110_kanazawa_pfa\good\ds4x_20231110_63148_pfa_B01_594_655_200_20mW_000023.dcimg.h5,None,270
20231110,Y:\segmentation2\20231110_kanazawa_pfa\good\ds4x_20231110_63148_pfa_B01_594_655_200_20mW_000024.dcimg.h5,None,271
20231110,Y:\segmentation2\20231110_kanazawa_pfa\good\ds4x_20231110_63148_pfa_B01_594_655_200_20mW_000026.dcimg.h5,Y:\segmentation2\20231110_kanazawa_pfa\good\ds4x_20231110_63148_pfa_B01_594_655_200_20mW_000026.dcimg.labels.tif,272
20231110,Y:\segmentation2\20231110_kanazawa_pfa\good\ds4x_20231110_63148_pfa_B01_594_655_200_20mW_000030.dcimg.h5,None,273
20231110,Y:\segmentation2\20231110_kanazawa_pfa\good\ds4x_20231110_63148_pfa_B01_594_655_200_20mW_000032.dcimg.h5,None,274
20231110,Y:\segmentation2\20231110_kanazawa_pfa\good\ds4x_20231110_63148_pfa_B01_594_655_200_20mW_000033.dcimg.h5,None,275
20231110,Y:\segmentation2\20231110_kanazawa_pfa\good\ds4x_20231110_63148_pfa_B01_594_655_200_20mW_000035.dcimg.h5,None,276
20231110,Y:\segmentation2\20231110_kanazawa_pfa\good\ds4x_20231110_63148_pfa_B01_594_655_200_20mW_000036.dcimg.h5,None,277
20231110,Y:\segmentation2\20231110_kanazawa_pfa\good\ds4x_20231110_63148_pfa_B01_594_655_200_20mW_000038.dcimg.h5,None,278
20231110,Y:\segmentation2\20231110_kanazawa_pfa\good\ds4x_20231110_63148_pfa_B01_594_655_200_20mW_000039.dcimg.h5,None,279
20231110,Y:\segmentation2\20231110_kanazawa_pfa\good\ds4x_20231110_63148_pfa_B01_594_655_200_20mW_000040.dcimg.h5,None,280
20231110,Y:\segmentation2\20231110_kanazawa_pfa\good\ds4x_20231110_63148_pfa_B01_594_655_200_20mW_000041.dcimg.h5,None,281
20231110,Y:\segmentation2\20231110_kanazawa_pfa\good\ds4x_20231110_63148_pfa_B01_594_655_200_20mW_000042.dcimg.h5,None,282
20231110,Y:\segmentation2\20231110_kanazawa_pfa\good\ds4x_20231110_63148_pfa_B01_594_655_200_20mW_000043.dcimg.h5,None,283
20231110,Y:\segmentation2\20231110_kanazawa_pfa\good\ds4x_20231110_63148_pfa_B01_594_655_200_20mW_000044.dcimg.h5,None,284
20231110,Y:\segmentation2\20231110_kanazawa_pfa\good\ds4x_20231110_63148_pfa_B01_594_655_200_20mW_000045.dcimg.h5,None,285
20231110,Y:\segmentation2\20231110_kanazawa_pfa\good\ds4x_20231110_63148_pfa_B01_594_655_200_20mW_000047.dcimg.h5,Y:\segmentation2\20231110_kanazawa_pfa\good\ds4x_20231110_63148_pfa_B01_594_655_200_20mW_000047.dcimg.labels.tif,286
20231110,Y:\segmentation2\20231110_kanazawa_pfa\good\ds4x_20231110_63148_pfa_B01_594_655_200_20mW_000049.dcimg.h5,None,287
20231110,Y:\segmentation2\20231110_kanazawa_pfa\good\ds4x_20231110_63148_pfa_B01_594_655_200_20mW_000054.dcimg.h5,None,288
20231110,Y:\segmentation2\20231110_kanazawa_pfa\good\ds4x_20231110_63148_pfa_B01_594_655_200_20mW_000055.dcimg.h5,None,289
20231110,Y:\segmentation2\20231110_kanazawa_pfa\good\ds4x_20231110_63148_pfa_B01_594_655_200_20mW_000056.dcimg.h5,None,290
20231110,Y:\segmentation2\20231110_kanazawa_pfa\good\ds4x_20231110_63148_pfa_B01_594_655_200_20mW_000057.dcimg.h5,None,291
20231110,Y:\segmentation2\20231110_kanazawa_pfa\good\ds4x_20231110_63148_pfa_B01_594_655_200_20mW_000059.dcimg.h5,None,292
20231110,Y:\segmentation2\20231110_kanazawa_pfa\good\ds4x_20231110_63148_pfa_B01_594_655_200_20mW_000064.dcimg.h5,None,293
20231110,Y:\segmentation2\20231110_kanazawa_pfa\good\ds4x_20231110_63148_pfa_B01_594_655_200_20mW_000065.dcimg.h5,None,294
20231110,Y:\segmentation2\20231110_kanazawa_pfa\good\ds4x_20231110_63148_pfa_B01_594_655_200_20mW_000066.dcimg.h5,Y:\segmentation2\20231110_kanazawa_pfa\good\ds4x_20231110_63148_pfa_B01_594_655_200_20mW_000066.dcimg.labels.tif,295
20231110,Y:\segmentation2\20231110_kanazawa_pfa\good\ds4x_20231110_63148_pfa_B01_594_655_200_20mW_000067.dcimg.h5,None,296
20231110,Y:\segmentation2\20231110_kanazawa_pfa\good\ds4x_20231110_63148_pfa_B01_594_655_200_20mW_000068.dcimg.h5,None,297
20231110,Y:\segmentation2\20231110_kanazawa_pfa\good\ds4x_20231110_63148_pfa_B01_594_655_200_20mW_000069.dcimg.h5,None,298
20231110,Y:\segmentation2\20231110_kanazawa_pfa\good\ds4x_20231110_63148_pfa_B01_594_655_200_20mW_000071.dcimg.h5,None,299
20231110,Y:\segmentation2\20231110_kanazawa_pfa\good\ds4x_20231110_63148_pfa_B01_594_655_200_20mW_000074.dcimg.h5,None,300
20231110,Y:\segmentation2\20231110_kanazawa_pfa\good\ds4x_20231110_63148_pfa_B01_594_655_200_20mW_000075.dcimg.h5,None,301
20231110,Y:\segmentation2\20231110_kanazawa_pfa\good\ds4x_20231110_63148_pfa_B01_594_655_200_20mW_000078.dcimg.h5,Y:\segmentation2\20231110_kanazawa_pfa\good\ds4x_20231110_63148_pfa_B01_594_655_200_20mW_000078.dcimg.labels.tif,302
20231110,Y:\segmentation2\20231110_kanazawa_pfa\good\ds4x_20231110_63148_pfa_B01_594_655_200_20mW_000079.dcimg.h5,None,303
20231110,Y:\segmentation2\20231110_kanazawa_pfa\good\ds4x_20231110_63148_pfa_B01_594_655_200_20mW_000082.dcimg.h5,None,304
20231110,Y:\segmentation2\20231110_kanazawa_pfa\good\ds4x_20231110_63148_pfa_B01_594_655_200_20mW_000083.dcimg.h5,None,305
20231110,Y:\segmentation2\20231110_kanazawa_pfa\good\ds4x_20231110_63148_pfa_B01_594_655_200_20mW_000085.dcimg.h5,None,306
20231110,Y:\segmentation2\20231110_kanazawa_pfa\good\ds4x_20231110_63148_pfa_B01_594_655_200_20mW_000088.dcimg.h5,None,307
20231110,Y:\segmentation2\20231110_kanazawa_pfa\good\ds4x_20231110_63148_pfa_B01_594_655_200_20mW_000089.dcimg.h5,None,308
20231110,Y:\segmentation2\20231110_kanazawa_pfa\good\ds4x_20231110_63148_pfa_B01_594_655_200_20mW_000092.dcimg.h5,None,309
20231117,Y:\segmentation2\20231117_kanazawa_pfa\good\ds4x_20231116_63148_pfa_B01_594_655_20mW_0001_0.dcimg.h5,None,310
20231117,Y:\segmentation2\20231117_kanazawa_pfa\good\ds4x_20231116_63148_pfa_B01_594_655_20mW_0002_0.dcimg.h5,None,311
20231117,Y:\segmentation2\20231117_kanazawa_pfa\good\ds4x_20231116_63148_pfa_B01_594_655_20mW_0005_0.dcimg.h5,None,312
20231117,Y:\segmentation2\20231117_kanazawa_pfa\good\ds4x_20231116_63148_pfa_B01_594_655_20mW_0006_0.dcimg.h5,None,313
20231117,Y:\segmentation2\20231117_kanazawa_pfa\good\ds4x_20231116_63148_pfa_B01_594_655_20mW_0008_0.dcimg.h5,None,314
20231117,Y:\segmentation2\20231117_kanazawa_pfa\good\ds4x_20231116_63148_pfa_B01_594_655_20mW_0009_0.dcimg.h5,None,315
20231117,Y:\segmentation2\20231117_kanazawa_pfa\good\ds4x_20231116_63148_pfa_B01_594_655_20mW_0010_0.dcimg.h5,None,316
20231117,Y:\segmentation2\20231117_kanazawa_pfa\good\ds4x_20231116_63148_pfa_B01_594_655_20mW_0011_0.dcimg.h5,None,317
20231117,Y:\segmentation2\20231117_kanazawa_pfa\good\ds4x_20231116_63148_pfa_B01_594_655_20mW_0012_0.dcimg.h5,None,318
20231117,Y:\segmentation2\20231117_kanazawa_pfa\good\ds4x_20231116_63148_pfa_B01_594_655_20mW_0013_0.dcimg.h5,None,319
20231117,Y:\segmentation2\20231117_kanazawa_pfa\good\ds4x_20231116_63148_pfa_B01_594_655_20mW_0015_0.dcimg.h5,None,320
20231117,Y:\segmentation2\20231117_kanazawa_pfa\good\ds4x_20231116_63148_pfa_B01_594_655_20mW_0016_0.dcimg.h5,None,321
20231117,Y:\segmentation2\20231117_kanazawa_pfa\good\ds4x_20231116_63148_pfa_B01_594_655_20mW_0017_0.dcimg.h5,None,322
20231117,Y:\segmentation2\20231117_kanazawa_pfa\good\ds4x_20231116_63148_pfa_B01_594_655_20mW_0018_0.dcimg.h5,None,323
20231117,Y:\segmentation2\20231117_kanazawa_pfa\good\ds4x_20231116_63148_pfa_B01_594_655_20mW_0022_0.dcimg.h5,None,324
20231117,Y:\segmentation2\20231117_kanazawa_pfa\good\ds4x_20231116_63148_pfa_B01_594_655_20mW_0023_0.dcimg.h5,None,325
20231117,Y:\segmentation2\20231117_kanazawa_pfa\good\ds4x_20231116_63148_pfa_B01_594_655_20mW_0024_0.dcimg.h5,None,326
20231117,Y:\segmentation2\20231117_kanazawa_pfa\good\ds4x_20231116_63148_pfa_B01_594_655_20mW_0025_0.dcimg.h5,None,327
20231117,Y:\segmentation2\20231117_kanazawa_pfa\good\ds4x_20231116_63148_pfa_B01_594_655_20mW_0026_0.dcimg.h5,None,328
20231117,Y:\segmentation2\20231117_kanazawa_pfa\good\ds4x_20231116_63148_pfa_B01_594_655_20mW_0027_0.dcimg.h5,None,329
20231117,Y:\segmentation2\20231117_kanazawa_pfa\good\ds4x_20231116_63148_pfa_B01_594_655_20mW_0030_0.dcimg.h5,None,330
20231117,Y:\segmentation2\20231117_kanazawa_pfa\good\ds4x_20231116_63148_pfa_B01_594_655_20mW_0031_0.dcimg.h5,None,331
20231117,Y:\segmentation2\20231117_kanazawa_pfa\good\ds4x_20231116_63148_pfa_B01_594_655_20mW_0032_0.dcimg.h5,None,332
20231117,Y:\segmentation2\20231117_kanazawa_pfa\good\ds4x_20231116_63148_pfa_B01_594_655_20mW_0033_0.dcimg.h5,None,333
20231117,Y:\segmentation2\20231117_kanazawa_pfa\good\ds4x_20231116_63148_pfa_B01_594_655_20mW_0034_0.dcimg.h5,None,334
20231117,Y:\segmentation2\20231117_kanazawa_pfa\good\ds4x_20231116_63148_pfa_B01_594_655_20mW_0035_0.dcimg.h5,None,335
20231117,Y:\segmentation2\20231117_kanazawa_pfa\good\ds4x_20231116_63148_pfa_B01_594_655_20mW_0036_0.dcimg.h5,None,336
20231117,Y:\segmentation2\20231117_kanazawa_pfa\good\ds4x_20231116_63148_pfa_B01_594_655_20mW_0037_0.dcimg.h5,None,337
20231117,Y:\segmentation2\20231117_kanazawa_pfa\good\ds4x_20231116_63148_pfa_B01_594_655_20mW_0038_0.dcimg.h5,None,338
20231117,Y:\segmentation2\20231117_kanazawa_pfa\good\ds4x_20231116_63148_pfa_B01_594_655_20mW_0039_0.dcimg.h5,None,339
20231117,Y:\segmentation2\20231117_kanazawa_pfa\good\ds4x_20231116_63148_pfa_B01_594_655_20mW_0043_0.dcimg.h5,None,340
20231117,Y:\segmentation2\20231117_kanazawa_pfa\good\ds4x_20231116_63148_pfa_B01_594_655_20mW_0044_0.dcimg.h5,None,341
20231117,Y:\segmentation2\20231117_kanazawa_pfa\good\ds4x_20231116_63148_pfa_B01_594_655_20mW_0045_0.dcimg.h5,None,342
20231117,Y:\segmentation2\20231117_kanazawa_pfa\good\ds4x_20231116_63148_pfa_B01_594_655_20mW_0046_0.dcimg.h5,None,343
20231117,Y:\segmentation2\20231117_kanazawa_pfa\good\ds4x_20231116_63148_pfa_B01_594_655_20mW_0047_0.dcimg.h5,None,344
20231117,Y:\segmentation2\20231117_kanazawa_pfa\good\ds4x_20231116_63148_pfa_B01_594_655_20mW_0050_0.dcimg.h5,None,345
20231117,Y:\segmentation2\20231117_kanazawa_pfa\good\ds4x_20231116_63148_pfa_B01_594_655_20mW_0051_0.dcimg.h5,None,346
20231117,Y:\segmentation2\20231117_kanazawa_pfa\good\ds4x_20231116_63148_pfa_B01_594_655_20mW_0052_0.dcimg.h5,None,347
20231117,Y:\segmentation2\20231117_kanazawa_pfa\good\ds4x_20231116_63148_pfa_B01_594_655_20mW_0053_0.dcimg.h5,None,348
20231117,Y:\segmentation2\20231117_kanazawa_pfa\good\ds4x_20231116_63148_pfa_B01_594_655_20mW_0054_0.dcimg.h5,None,349
20231117,Y:\segmentation2\20231117_kanazawa_pfa\good\ds4x_20231116_63148_pfa_B01_594_655_20mW_0056_0.dcimg.h5,None,350
20231117,Y:\segmentation2\20231117_kanazawa_pfa\good\ds4x_20231116_63148_pfa_B01_594_655_20mW_0060_0.dcimg.h5,None,351
20231117,Y:\segmentation2\20231117_kanazawa_pfa\good\ds4x_20231116_63148_pfa_B01_594_655_20mW_0062_0.dcimg.h5,None,352
20231117,Y:\segmentation2\20231117_kanazawa_pfa\good\ds4x_20231116_63148_pfa_B01_594_655_20mW_0065_0.dcimg.h5,None,353
20231117,Y:\segmentation2\20231117_kanazawa_pfa\good\ds4x_20231116_63148_pfa_B01_594_655_20mW_0066_0.dcimg.h5,None,354
20231117,Y:\segmentation2\20231117_kanazawa_pfa\good\ds4x_20231116_63148_pfa_B01_594_655_20mW_0068_0.dcimg.h5,None,355
20231117,Y:\segmentation2\20231117_kanazawa_pfa\good\ds4x_20231116_63148_pfa_B01_594_655_20mW_0069_0.dcimg.h5,None,356
20231117,Y:\segmentation2\20231117_kanazawa_pfa\good\ds4x_20231116_63148_pfa_B01_594_655_20mW_0070_0.dcimg.h5,None,357
20231117,Y:\segmentation2\20231117_kanazawa_pfa\good\ds4x_20231116_63148_pfa_B01_594_655_20mW_0071_0.dcimg.h5,None,358
20231117,Y:\segmentation2\20231117_kanazawa_pfa\good\ds4x_20231116_63148_pfa_B01_594_655_20mW_0072_0.dcimg.h5,None,359
20231117,Y:\segmentation2\20231117_kanazawa_pfa\good\ds4x_20231116_63148_pfa_B01_594_655_20mW_0073_0.dcimg.h5,None,360
20231117,Y:\segmentation2\20231117_kanazawa_pfa\good\ds4x_20231116_63148_pfa_B01_594_655_20mW_0075_0.dcimg.h5,None,361
20231117,Y:\segmentation2\20231117_kanazawa_pfa\good\ds4x_20231116_63148_pfa_B01_594_655_20mW_0078_0.dcimg.h5,None,362
20231117,Y:\segmentation2\20231117_kanazawa_pfa\good\ds4x_20231116_63148_pfa_B01_594_655_20mW_0080_0.dcimg.h5,None,363
20231117,Y:\segmentation2\20231117_kanazawa_pfa\good\ds4x_20231116_63148_pfa_B01_594_655_20mW_0081_0.dcimg.h5,None,364
20231117,Y:\segmentation2\20231117_kanazawa_pfa\good\ds4x_20231116_63148_pfa_B01_594_655_20mW_0082_0.dcimg.h5,None,365
20231117,Y:\segmentation2\20231117_kanazawa_pfa\good\ds4x_20231116_63148_pfa_B01_594_655_20mW_0083_0.dcimg.h5,None,366
20231117,Y:\segmentation2\20231117_kanazawa_pfa\good\ds4x_20231116_63148_pfa_B01_594_655_20mW_0084_0.dcimg.h5,None,367
20231117,Y:\segmentation2\20231117_kanazawa_pfa\good\ds4x_20231116_63148_pfa_B01_594_655_20mW_0086_0.dcimg.h5,None,368
20231117,Y:\segmentation2\20231117_kanazawa_pfa\good\ds4x_20231116_63148_pfa_B01_594_655_20mW_0087_0.dcimg.h5,None,369
20231117,Y:\segmentation2\20231117_kanazawa_pfa\good\ds4x_20231116_63148_pfa_B01_594_655_20mW_0088_0.dcimg.h5,None,370
20231117,Y:\segmentation2\20231117_kanazawa_pfa\good\ds4x_20231116_63148_pfa_B01_594_655_20mW_0089_0.dcimg.h5,None,371
20231117,Y:\segmentation2\20231117_kanazawa_pfa\good\ds4x_20231116_63148_pfa_B01_594_655_20mW_0091_0.dcimg.h5,None,372
20231117,Y:\segmentation2\20231117_kanazawa_pfa\good\ds4x_20231116_63148_pfa_B01_594_655_20mW_0092_0.dcimg.h5,None,373
20231117,Y:\segmentation2\20231117_kanazawa_pfa\good\ds4x_20231116_63148_pfa_B01_594_655_20mW_0097_0.dcimg.h5,None,374
20231117,Y:\segmentation2\20231117_kanazawa_pfa\good\ds4x_20231116_63148_pfa_B01_594_655_20mW_0098_0.dcimg.h5,None,375
20231117,Y:\segmentation2\20231117_kanazawa_pfa\good\ds4x_20231116_63148_pfa_B01_594_655_20mW_0099_0.dcimg.h5,None,376
20231117,Y:\segmentation2\20231117_kanazawa_pfa\good\ds4x_20231116_63148_pfa_B01_594_655_20mW_0100_0.dcimg.h5,None,377
20231117,Y:\segmentation2\20231117_kanazawa_pfa\good\ds4x_20231116_63148_pfa_B01_594_655_20mW_0101_0.dcimg.h5,None,378
20231117,Y:\segmentation2\20231117_kanazawa_pfa\good\ds4x_20231116_63148_pfa_B01_594_655_20mW_0102_0.dcimg.h5,None,379
20231117,Y:\segmentation2\20231117_kanazawa_pfa\good\ds4x_20231116_63148_pfa_B01_594_655_20mW_0104_0.dcimg.h5,None,380
20231117,Y:\segmentation2\20231117_kanazawa_pfa\good\ds4x_20231116_63148_pfa_B01_594_655_20mW_0105_0.dcimg.h5,None,381
20231117,Y:\segmentation2\20231117_kanazawa_pfa\good\ds4x_20231116_63148_pfa_B01_594_655_20mW_0108_0.dcimg.h5,None,382
20231117,Y:\segmentation2\20231117_kanazawa_pfa\good\ds4x_20231116_63148_pfa_B01_594_655_20mW_0109_0.dcimg.h5,None,383
20231117,Y:\segmentation2\20231117_kanazawa_pfa\good\ds4x_20231116_63148_pfa_B01_594_655_20mW_0110_0.dcimg.h5,None,384
20231117,Y:\segmentation2\20231117_kanazawa_pfa\good\ds4x_20231116_63148_pfa_B01_594_655_20mW_0111_0.dcimg.h5,None,385
20231117,Y:\segmentation2\20231117_kanazawa_pfa\good\ds4x_20231116_63148_pfa_B01_594_655_20mW_0112_0.dcimg.h5,None,386
20231117,Y:\segmentation2\20231117_kanazawa_pfa\good\ds4x_20231116_63148_pfa_B01_594_655_20mW_0116_0.dcimg.h5,None,387
20231117,Y:\segmentation2\20231117_kanazawa_pfa\good\ds4x_20231116_63148_pfa_B01_594_655_20mW_0117_0.dcimg.h5,None,388
20231117,Y:\segmentation2\20231117_kanazawa_pfa\good\ds4x_20231116_63148_pfa_B01_594_655_20mW_0119_0.dcimg.h5,None,389
20231117,Y:\segmentation2\20231117_kanazawa_pfa\good\ds4x_20231116_63148_pfa_B01_594_655_20mW_0120_0.dcimg.h5,None,390
20231117,Y:\segmentation2\20231117_kanazawa_pfa\good\ds4x_20231116_63148_pfa_B01_594_655_20mW_0121_0.dcimg.h5,None,391
20231117,Y:\segmentation2\20231117_kanazawa_pfa\good\ds4x_20231116_63148_pfa_B01_594_655_20mW_0122_0.dcimg.h5,None,392
20231117,Y:\segmentation2\20231117_kanazawa_pfa\good\ds4x_20231116_63148_pfa_B01_594_655_20mW_0124_0.dcimg.h5,None,393
20231117,Y:\segmentation2\20231117_kanazawa_pfa\good\ds4x_20231116_63148_pfa_B01_594_655_20mW_0125_0.dcimg.h5,None,394
20231117,Y:\segmentation2\20231117_kanazawa_pfa\good\ds4x_20231117_63148_pfa_A01_594_655_20mW_0001_0.dcimg.h5,None,395
20231118,Y:\segmentation2\20231118_kanazawa_pfa\good\ds4x_20231117_63148_pfa_B01_594_655_20mW_0001_0.dcimg.h5,Y:\segmentation2\20231118_kanazawa_pfa\good\ds4x_20231117_63148_pfa_B01_594_655_20mW_0001_0.dcimg.labels.tif,396
20231118,Y:\segmentation2\20231118_kanazawa_pfa\good\ds4x_20231117_63148_pfa_B01_594_655_20mW_0003_0.dcimg.h5,None,397
20231118,Y:\segmentation2\20231118_kanazawa_pfa\good\ds4x_20231117_63148_pfa_B01_594_655_20mW_0004_0.dcimg.h5,None,398
20231118,Y:\segmentation2\20231118_kanazawa_pfa\good\ds4x_20231117_63148_pfa_B01_594_655_20mW_0005_0.dcimg.h5,None,399
20231118,Y:\segmentation2\20231118_kanazawa_pfa\good\ds4x_20231117_63148_pfa_B01_594_655_20mW_0007_0.dcimg.h5,None,400
20231118,Y:\segmentation2\20231118_kanazawa_pfa\good\ds4x_20231117_63148_pfa_B01_594_655_20mW_0008_0.dcimg.h5,None,401
20231118,Y:\segmentation2\20231118_kanazawa_pfa\good\ds4x_20231117_63148_pfa_B01_594_655_20mW_0009_0.dcimg.h5,Y:\segmentation2\20231118_kanazawa_pfa\good\ds4x_20231117_63148_pfa_B01_594_655_20mW_0009_0.dcimg.labels.tif,402
20231118,Y:\segmentation2\20231118_kanazawa_pfa\good\ds4x_20231117_63148_pfa_B01_594_655_20mW_0010_0.dcimg.h5,None,403
20231118,Y:\segmentation2\20231118_kanazawa_pfa\good\ds4x_20231117_63148_pfa_B01_594_655_20mW_0011_0.dcimg.h5,None,404
20231118,Y:\segmentation2\20231118_kanazawa_pfa\good\ds4x_20231117_63148_pfa_B01_594_655_20mW_0013_0.dcimg.h5,None,405
20231118,Y:\segmentation2\20231118_kanazawa_pfa\good\ds4x_20231117_63148_pfa_B01_594_655_20mW_0014_0.dcimg.h5,None,406
20231118,Y:\segmentation2\20231118_kanazawa_pfa\good\ds4x_20231117_63148_pfa_B01_594_655_20mW_0018_0.dcimg.h5,Y:\segmentation2\20231118_kanazawa_pfa\good\ds4x_20231117_63148_pfa_B01_594_655_20mW_0018_0.dcimg.labels.tif,407
20231118,Y:\segmentation2\20231118_kanazawa_pfa\good\ds4x_20231117_63148_pfa_B01_594_655_20mW_0020_0.dcimg.h5,None,408
20231118,Y:\segmentation2\20231118_kanazawa_pfa\good\ds4x_20231117_63148_pfa_B01_594_655_20mW_0021_0.dcimg.h5,None,409
20231118,Y:\segmentation2\20231118_kanazawa_pfa\good\ds4x_20231117_63148_pfa_B01_594_655_20mW_0022_0.dcimg.h5,None,410
20231118,Y:\segmentation2\20231118_kanazawa_pfa\good\ds4x_20231117_63148_pfa_B01_594_655_20mW_0023_0.dcimg.h5,Y:\segmentation2\20231118_kanazawa_pfa\good\ds4x_20231117_63148_pfa_B01_594_655_20mW_0023_0.dcimg.labels.tif,411
20231118,Y:\segmentation2\20231118_kanazawa_pfa\good\ds4x_20231117_63148_pfa_B01_594_655_20mW_0028_0.dcimg.h5,None,412
20231118,Y:\segmentation2\20231118_kanazawa_pfa\good\ds4x_20231117_63148_pfa_B01_594_655_20mW_0031_0.dcimg.h5,None,413
20231118,Y:\segmentation2\20231118_kanazawa_pfa\good\ds4x_20231117_63148_pfa_B01_594_655_20mW_0033_0.dcimg.h5,None,414
20231118,Y:\segmentation2\20231118_kanazawa_pfa\good\ds4x_20231117_63148_pfa_B01_594_655_20mW_0034_0.dcimg.h5,None,415
20231118,Y:\segmentation2\20231118_kanazawa_pfa\good\ds4x_20231117_63148_pfa_B01_594_655_20mW_0036_0.dcimg.h5,None,416
20231118,Y:\segmentation2\20231118_kanazawa_pfa\good\ds4x_20231117_63148_pfa_B01_594_655_20mW_0037_0.dcimg.h5,None,417
20231118,Y:\segmentation2\20231118_kanazawa_pfa\good\ds4x_20231117_63148_pfa_B01_594_655_20mW_0040_0.dcimg.h5,None,418
20231118,Y:\segmentation2\20231118_kanazawa_pfa\good\ds4x_20231117_63148_pfa_B01_594_655_20mW_0042_0.dcimg.h5,None,419
20231118,Y:\segmentation2\20231118_kanazawa_pfa\good\ds4x_20231117_63148_pfa_B01_594_655_20mW_0043_0.dcimg.h5,None,420
20231118,Y:\segmentation2\20231118_kanazawa_pfa\good\ds4x_20231117_63148_pfa_B01_594_655_20mW_0044_0.dcimg.h5,None,421
20231118,Y:\segmentation2\20231118_kanazawa_pfa\good\ds4x_20231117_63148_pfa_B01_594_655_20mW_0046_0.dcimg.h5,None,422
20231118,Y:\segmentation2\20231118_kanazawa_pfa\good\ds4x_20231117_63148_pfa_B01_594_655_20mW_0047_0.dcimg.h5,None,423
20231118,Y:\segmentation2\20231118_kanazawa_pfa\good\ds4x_20231117_63148_pfa_B01_594_655_20mW_0049_0.dcimg.h5,None,424
20231118,Y:\segmentation2\20231118_kanazawa_pfa\good\ds4x_20231117_63148_pfa_B01_594_655_20mW_0050_0.dcimg.h5,Y:\segmentation2\20231118_kanazawa_pfa\good\ds4x_20231117_63148_pfa_B01_594_655_20mW_0050_0.dcimg.labels_EN.tif,425
20231118,Y:\segmentation2\20231118_kanazawa_pfa\good\ds4x_20231117_63148_pfa_B01_594_655_20mW_0052_0.dcimg.h5,None,426
20231118,Y:\segmentation2\20231118_kanazawa_pfa\good\ds4x_20231117_63148_pfa_B01_594_655_20mW_0054_0.dcimg.h5,Y:\segmentation2\20231118_kanazawa_pfa\good\ds4x_20231117_63148_pfa_B01_594_655_20mW_0054_0.dcimg.labels.tif,427
20231118,Y:\segmentation2\20231118_kanazawa_pfa\good\ds4x_20231117_63148_pfa_B01_594_655_20mW_0055_0.dcimg.h5,None,428
20231118,Y:\segmentation2\20231118_kanazawa_pfa\good\ds4x_20231117_63148_pfa_B01_594_655_20mW_0056_0.dcimg.h5,None,429
20231118,Y:\segmentation2\20231118_kanazawa_pfa\good\ds4x_20231117_63148_pfa_B01_594_655_20mW_0060_0.dcimg.h5,None,430
20231118,Y:\segmentation2\20231118_kanazawa_pfa\good\ds4x_20231117_63148_pfa_B01_594_655_20mW_0062_0.dcimg.h5,None,431
20231118,Y:\segmentation2\20231118_kanazawa_pfa\good\ds4x_20231117_63148_pfa_B01_594_655_20mW_0063_0.dcimg.h5,None,432
20231118,Y:\segmentation2\20231118_kanazawa_pfa\good\ds4x_20231117_63148_pfa_B01_594_655_20mW_0064_0.dcimg.h5,None,433
20231118,Y:\segmentation2\20231118_kanazawa_pfa\good\ds4x_20231117_63148_pfa_B01_594_655_20mW_0065_0.dcimg.h5,Y:\segmentation2\20231118_kanazawa_pfa\good\ds4x_20231117_63148_pfa_B01_594_655_20mW_0065_0.dcimg.labels.tif,434
20231118,Y:\segmentation2\20231118_kanazawa_pfa\good\ds4x_20231117_63148_pfa_B01_594_655_20mW_0066_0.dcimg.h5,None,435
20231118,Y:\segmentation2\20231118_kanazawa_pfa\good\ds4x_20231117_63148_pfa_B01_594_655_20mW_0067_0.dcimg.h5,None,436
20231118,Y:\segmentation2\20231118_kanazawa_pfa\good\ds4x_20231117_63148_pfa_B01_594_655_20mW_0068_0.dcimg.h5,None,437
20231118,Y:\segmentation2\20231118_kanazawa_pfa\good\ds4x_20231117_63148_pfa_B01_594_655_20mW_0069_0.dcimg.h5,Y:\segmentation2\20231118_kanazawa_pfa\good\ds4x_20231117_63148_pfa_B01_594_655_20mW_0069_0.dcimg.labels.tif,438
20231118,Y:\segmentation2\20231118_kanazawa_pfa\good\ds4x_20231117_63148_pfa_B01_594_655_20mW_0073_0.dcimg.h5,None,439
20231118,Y:\segmentation2\20231118_kanazawa_pfa\good\ds4x_20231117_63148_pfa_B01_594_655_20mW_0074_0.dcimg.h5,None,440
20231118,Y:\segmentation2\20231118_kanazawa_pfa\good\ds4x_20231117_63148_pfa_B01_594_655_20mW_0078_0.dcimg.h5,None,441
20231118,Y:\segmentation2\20231118_kanazawa_pfa\good\ds4x_20231117_63148_pfa_B01_594_655_20mW_0080_0.dcimg.h5,None,442
20231118,Y:\segmentation2\20231118_kanazawa_pfa\good\ds4x_20231117_63148_pfa_B01_594_655_20mW_0083_0.dcimg.h5,None,443
20231118,Y:\segmentation2\20231118_kanazawa_pfa\good\ds4x_20231117_63148_pfa_B01_594_655_20mW_0084_0.dcimg.h5,None,444
20231118,Y:\segmentation2\20231118_kanazawa_pfa\good\ds4x_20231117_63148_pfa_B01_594_655_20mW_0085_0.dcimg.h5,None,445
20231118,Y:\segmentation2\20231118_kanazawa_pfa\good\ds4x_20231117_63148_pfa_B01_594_655_20mW_0087_0.dcimg.h5,None,446
20231118,Y:\segmentation2\20231118_kanazawa_pfa\good\ds4x_20231117_63148_pfa_B01_594_655_20mW_0089_0.dcimg.h5,None,447
20231118,Y:\segmentation2\20231118_kanazawa_pfa\good\ds4x_20231117_63148_pfa_B01_594_655_20mW_0090_0.dcimg.h5,None,448
20231118,Y:\segmentation2\20231118_kanazawa_pfa\good\ds4x_20231117_63148_pfa_B01_594_655_20mW_0091_0.dcimg.h5,None,449
20231118,Y:\segmentation2\20231118_kanazawa_pfa\good\ds4x_20231117_63148_pfa_B01_594_655_20mW_0094_0.dcimg.h5,None,450
20231118,Y:\segmentation2\20231118_kanazawa_pfa\good\ds4x_20231117_63148_pfa_B01_594_655_20mW_0097_0.dcimg.h5,None,451
20231118,Y:\segmentation2\20231118_kanazawa_pfa\good\ds4x_20231117_63148_pfa_B01_594_655_20mW_0098_0.dcimg.h5,None,452
20231118,Y:\segmentation2\20231118_kanazawa_pfa\good\ds4x_20231117_63148_pfa_B01_594_655_20mW_0099_0.dcimg.h5,None,453
20231118,Y:\segmentation2\20231118_kanazawa_pfa\good\ds4x_20231117_63148_pfa_B01_594_655_20mW_0100_0.dcimg.h5,None,454
20231118,Y:\segmentation2\20231118_kanazawa_pfa\good\ds4x_20231117_63148_pfa_B01_594_655_20mW_0101_0.dcimg.h5,None,455
20231118,Y:\segmentation2\20231118_kanazawa_pfa\good\ds4x_20231117_63148_pfa_B01_594_655_20mW_0103_0.dcimg.h5,None,456
20231118,Y:\segmentation2\20231118_kanazawa_pfa\good\ds4x_20231117_63148_pfa_B01_594_655_20mW_0104_0.dcimg.h5,None,457
20231118,Y:\segmentation2\20231118_kanazawa_pfa\good\ds4x_20231117_63148_pfa_B01_594_655_20mW_0105_0.dcimg.h5,None,458
20231118,Y:\segmentation2\20231118_kanazawa_pfa\good\ds4x_20231117_63148_pfa_B01_594_655_20mW_0107_0.dcimg.h5,None,459
20231118,Y:\segmentation2\20231118_kanazawa_pfa\good\ds4x_20231117_63148_pfa_B01_594_655_20mW_0109_0.dcimg.h5,None,460
20231118,Y:\segmentation2\20231118_kanazawa_pfa\good\ds4x_20231117_63148_pfa_B01_594_655_20mW_0110_0.dcimg.h5,None,461
20231118,Y:\segmentation2\20231118_kanazawa_pfa\good\ds4x_20231117_63148_pfa_B01_594_655_20mW_0111_0.dcimg.h5,None,462
20231118,Y:\segmentation2\20231118_kanazawa_pfa\good\ds4x_20231117_63148_pfa_B01_594_655_20mW_0112_0.dcimg.h5,None,463
20231118,Y:\segmentation2\20231118_kanazawa_pfa\good\ds4x_20231117_63148_pfa_B01_594_655_20mW_0114_0.dcimg.h5,None,464
20231118,Y:\segmentation2\20231118_kanazawa_pfa\good\ds4x_20231117_63148_pfa_B01_594_655_20mW_0115_0.dcimg.h5,None,465
20231118,Y:\segmentation2\20231118_kanazawa_pfa\good\ds4x_20231117_63148_pfa_B01_594_655_20mW_0119_0.dcimg.h5,Y:\segmentation2\20231118_kanazawa_pfa\good\ds4x_20231117_63148_pfa_B01_594_655_20mW_0119_0.dcimg.labels.tif,466
20231118,Y:\segmentation2\20231118_kanazawa_pfa\good\ds4x_20231117_63148_pfa_B01_594_655_20mW_0121_0.dcimg.h5,None,467
20231118,Y:\segmentation2\20231118_kanazawa_pfa\good\ds4x_20231117_63148_pfa_B01_594_655_20mW_0123_0.dcimg.h5,None,468
20231118,Y:\segmentation2\20231118_kanazawa_pfa\good\ds4x_20231117_63148_pfa_B01_594_655_20mW_0126_0.dcimg.h5,None,469
20231118,Y:\segmentation2\20231118_kanazawa_pfa\good\ds4x_20231117_63148_pfa_B01_594_655_20mW_0128_0.dcimg.h5,None,470
20231118,Y:\segmentation2\20231118_kanazawa_pfa\good\ds4x_20231117_63148_pfa_B01_594_655_20mW_0129_0.dcimg.h5,Y:\segmentation2\20231118_kanazawa_pfa\good\ds4x_20231117_63148_pfa_B01_594_655_20mW_0129_0.dcimg.labels.tif,471
20231118,Y:\segmentation2\20231118_kanazawa_pfa\good\ds4x_20231117_63148_pfa_B01_594_655_20mW_0130_0.dcimg.h5,None,472
20231118,Y:\segmentation2\20231118_kanazawa_pfa\good\ds4x_20231117_63148_pfa_B01_594_655_20mW_0131_0.dcimg.h5,None,473
20231118,Y:\segmentation2\20231118_kanazawa_pfa\good\ds4x_20231117_63148_pfa_B01_594_655_20mW_0132_0.dcimg.h5,None,474
20231118,Y:\segmentation2\20231118_kanazawa_pfa\good\ds4x_20231117_63148_pfa_B01_594_655_20mW_0133_0.dcimg.h5,None,475
20231118,Y:\segmentation2\20231118_kanazawa_pfa\good\ds4x_20231117_63148_pfa_B01_594_655_20mW_0134_0.dcimg.h5,None,476
20231118,Y:\segmentation2\20231118_kanazawa_pfa\good\ds4x_20231117_63148_pfa_B01_594_655_20mW_0135_0.dcimg.h5,None,477
20231118,Y:\segmentation2\20231118_kanazawa_pfa\good\ds4x_20231117_63148_pfa_B01_594_655_20mW_0136_0.dcimg.h5,None,478
20231118,Y:\segmentation2\20231118_kanazawa_pfa\good\ds4x_20231117_63148_pfa_B01_594_655_20mW_0139_0.dcimg.h5,None,479
20231118,Y:\segmentation2\20231118_kanazawa_pfa\good\ds4x_20231117_63148_pfa_B01_594_655_20mW_0140_0.dcimg.h5,None,480
20231118,Y:\segmentation2\20231118_kanazawa_pfa\good\ds4x_20231117_63148_pfa_B01_594_655_20mW_0141_0.dcimg.h5,None,481
20231118,Y:\segmentation2\20231118_kanazawa_pfa\good\ds4x_20231117_63148_pfa_B01_594_655_20mW_0142_0.dcimg.h5,None,482
20231118,Y:\segmentation2\20231118_kanazawa_pfa\good\ds4x_20231117_63148_pfa_B01_594_655_20mW_0143_0.dcimg.h5,None,483
20231118,Y:\segmentation2\20231118_kanazawa_pfa\good\ds4x_20231117_63148_pfa_B01_594_655_20mW_0144_0.dcimg.h5,None,484
20231118,Y:\segmentation2\20231118_kanazawa_pfa\good\ds4x_20231117_63148_pfa_B01_594_655_20mW_0145_0.dcimg.h5,None,485
20231118,Y:\segmentation2\20231118_kanazawa_pfa\good\ds4x_20231117_63148_pfa_B01_594_655_20mW_0146_0.dcimg.h5,None,486
20231118,Y:\segmentation2\20231118_kanazawa_pfa\good\ds4x_20231117_63148_pfa_B01_594_655_20mW_0147_0.dcimg.h5,None,487
20231118,Y:\segmentation2\20231118_kanazawa_pfa\good\ds4x_20231117_63148_pfa_B01_594_655_20mW_0148_0.dcimg.h5,None,488
20231118,Y:\segmentation2\20231118_kanazawa_pfa\good\ds4x_20231117_63148_pfa_B01_594_655_20mW_0150_0.dcimg.h5,None,489
20231118,Y:\segmentation2\20231118_kanazawa_pfa\good\ds4x_20231117_63148_pfa_B01_594_655_20mW_0151_0.dcimg.h5,None,490
20231118,Y:\segmentation2\20231118_kanazawa_pfa\good\ds4x_20231117_63148_pfa_B01_594_655_20mW_0152_0.dcimg.h5,None,491
20231118,Y:\segmentation2\20231118_kanazawa_pfa\good\ds4x_20231117_63148_pfa_B01_594_655_20mW_0153_0.dcimg.h5,None,492
20231118,Y:\segmentation2\20231118_kanazawa_pfa\good\ds4x_20231117_63148_pfa_B01_594_655_20mW_0154_0.dcimg.h5,None,493
20231118,Y:\segmentation2\20231118_kanazawa_pfa\good\ds4x_20231117_63148_pfa_B01_594_655_20mW_0155_0.dcimg.h5,None,494
20231118,Y:\segmentation2\20231118_kanazawa_pfa\good\ds4x_20231117_63148_pfa_B01_594_655_20mW_0156_0.dcimg.h5,None,495
20231118,Y:\segmentation2\20231118_kanazawa_pfa\good\ds4x_20231117_63148_pfa_B01_594_655_20mW_0158_0.dcimg.h5,None,496
20231118,Y:\segmentation2\20231118_kanazawa_pfa\good\ds4x_20231117_63148_pfa_B01_594_655_20mW_0159_0.dcimg.h5,None,497
20231118,Y:\segmentation2\20231118_kanazawa_pfa\good\ds4x_20231117_63148_pfa_B01_594_655_20mW_0160_0.dcimg.h5,None,498
20231118,Y:\segmentation2\20231118_kanazawa_pfa\good\ds4x_20231117_63148_pfa_B01_594_655_20mW_0161_0.dcimg.h5,None,499
20231118,Y:\segmentation2\20231118_kanazawa_pfa\good\ds4x_20231117_63148_pfa_B01_594_655_20mW_0162_0.dcimg.h5,None,500
20231118,Y:\segmentation2\20231118_kanazawa_pfa\good\ds4x_20231117_63148_pfa_B01_594_655_20mW_0164_0.dcimg.h5,None,501
20231118,Y:\segmentation2\20231118_kanazawa_pfa\good\ds4x_20231117_63148_pfa_B01_594_655_20mW_0165_0.dcimg.h5,None,502
20231118,Y:\segmentation2\20231118_kanazawa_pfa\good\ds4x_20231117_63148_pfa_B01_594_655_20mW_0167_0.dcimg.h5,Y:\segmentation2\20231118_kanazawa_pfa\good\ds4x_20231117_63148_pfa_B01_594_655_20mW_0167_0.dcimg.labels.tif,503
20231118,Y:\segmentation2\20231118_kanazawa_pfa\good\ds4x_20231117_63148_pfa_B01_594_655_20mW_0168_0.dcimg.h5,None,504
20231118,Y:\segmentation2\20231118_kanazawa_pfa\good\ds4x_20231117_63148_pfa_B01_594_655_20mW_0169_0.dcimg.h5,None,505
20231118,Y:\segmentation2\20231118_kanazawa_pfa\good\ds4x_20231117_63148_pfa_B01_594_655_20mW_0170_0.dcimg.h5,None,506
20231118,Y:\segmentation2\20231118_kanazawa_pfa\good\ds4x_20231117_63148_pfa_B01_594_655_20mW_0171_0.dcimg.h5,None,507
20231118,Y:\segmentation2\20231118_kanazawa_pfa\good\ds4x_20231117_63148_pfa_B01_594_655_20mW_0172_0.dcimg.h5,None,508
20231118,Y:\segmentation2\20231118_kanazawa_pfa\good\ds4x_20231117_63148_pfa_B01_594_655_20mW_0173_0.dcimg.h5,None,509
20231118,Y:\segmentation2\20231118_kanazawa_pfa\good\ds4x_20231117_63148_pfa_B01_594_655_20mW_0175_0.dcimg.h5,Y:\segmentation2\20231118_kanazawa_pfa\good\ds4x_20231117_63148_pfa_B01_594_655_20mW_0175_0_CH.dcimg.labels.tif,510
20231118,Y:\segmentation2\20231118_kanazawa_pfa\good\ds4x_20231117_63148_pfa_B01_594_655_20mW_0176_0.dcimg.h5,None,511
20231118,Y:\segmentation2\20231118_kanazawa_pfa\good\ds4x_20231117_63148_pfa_B01_594_655_20mW_0177_0.dcimg.h5,None,512
20231118,Y:\segmentation2\20231118_kanazawa_pfa\good\ds4x_20231117_63148_pfa_B01_594_655_20mW_0179_0.dcimg.h5,None,513
20231118,Y:\segmentation2\20231118_kanazawa_pfa\good\ds4x_20231117_63148_pfa_B01_594_655_20mW_0181_0.dcimg.h5,None,514
20231118,Y:\segmentation2\20231118_kanazawa_pfa\good\ds4x_20231117_63148_pfa_B01_594_655_20mW_0182_0.dcimg.h5,None,515
20231118,Y:\segmentation2\20231118_kanazawa_pfa\good\ds4x_20231117_63148_pfa_B01_594_655_20mW_0183_0.dcimg.h5,None,516
20231118,Y:\segmentation2\20231118_kanazawa_pfa\good\ds4x_20231117_63148_pfa_B01_594_655_20mW_0184_0.dcimg.h5,None,517
20231118,Y:\segmentation2\20231118_kanazawa_pfa\good\ds4x_20231117_63148_pfa_B01_594_655_20mW_0185_0.dcimg.h5,None,518
20231118,Y:\segmentation2\20231118_kanazawa_pfa\good\ds4x_20231117_63148_pfa_B01_594_655_20mW_0187_0.dcimg.h5,None,519
20231118,Y:\segmentation2\20231118_kanazawa_pfa\good\ds4x_20231117_63148_pfa_B01_594_655_20mW_0189_0.dcimg.h5,None,520
20231118,Y:\segmentation2\20231118_kanazawa_pfa\good\ds4x_20231117_63148_pfa_B01_594_655_20mW_0190_0.dcimg.h5,None,521
20231118,Y:\segmentation2\20231118_kanazawa_pfa\good\ds4x_20231117_63148_pfa_B01_594_655_20mW_0192_0.dcimg.h5,None,522
20231118,Y:\segmentation2\20231118_kanazawa_pfa\good\ds4x_20231117_63148_pfa_B01_594_655_20mW_0195_0.dcimg.h5,None,523
20231118,Y:\segmentation2\20231118_kanazawa_pfa\good\ds4x_20231117_63148_pfa_B01_594_655_20mW_0196_0.dcimg.h5,None,524
20231118,Y:\segmentation2\20231118_kanazawa_pfa\good\ds4x_20231117_63148_pfa_B01_594_655_20mW_0197_0.dcimg.h5,None,525
20231118,Y:\segmentation2\20231118_kanazawa_pfa\good\ds4x_20231117_63148_pfa_B01_594_655_20mW_0199_0.dcimg.h5,None,526
20231118,Y:\segmentation2\20231118_kanazawa_pfa\good\ds4x_20231117_63148_pfa_B01_594_655_20mW_0201_0.dcimg.h5,None,527
20231118,Y:\segmentation2\20231118_kanazawa_pfa\good\ds4x_20231117_63148_pfa_B01_594_655_20mW_0202_0.dcimg.h5,None,528
20231118,Y:\segmentation2\20231118_kanazawa_pfa\good\ds4x_20231117_63148_pfa_B01_594_655_20mW_0204_0.dcimg.h5,None,529
20231118,Y:\segmentation2\20231118_kanazawa_pfa\good\ds4x_20231117_63148_pfa_B01_594_655_20mW_0205_0.dcimg.h5,None,530
20231118,Y:\segmentation2\20231118_kanazawa_pfa\good\ds4x_20231117_63148_pfa_B01_594_655_20mW_0208_0.dcimg.h5,Y:\segmentation2\20231118_kanazawa_pfa\good\ds4x_20231117_63148_pfa_B01_594_655_20mW_0208_0.dcimg.labels.tif,531
20231118,Y:\segmentation2\20231118_kanazawa_pfa\good\ds4x_20231117_63148_pfa_B01_594_655_20mW_0209_0.dcimg.h5,None,532
20231118,Y:\segmentation2\20231118_kanazawa_pfa\good\ds4x_20231117_63148_pfa_B01_594_655_20mW_0210_0.dcimg.h5,None,533
20231118,Y:\segmentation2\20231118_kanazawa_pfa\good\ds4x_20231117_63148_pfa_B01_594_655_20mW_0211_0.dcimg.h5,None,534
20231118,Y:\segmentation2\20231118_kanazawa_pfa\good\ds4x_20231117_63148_pfa_B01_594_655_20mW_0212_0.dcimg.h5,None,535
20231118,Y:\segmentation2\20231118_kanazawa_pfa\good\ds4x_20231117_63148_pfa_B01_594_655_20mW_0213_0.dcimg.h5,None,536
20231118,Y:\segmentation2\20231118_kanazawa_pfa\good\ds4x_20231117_63148_pfa_B01_594_655_20mW_0215_0.dcimg.h5,None,537
20231118,Y:\segmentation2\20231118_kanazawa_pfa\good\ds4x_20231117_63148_pfa_B01_594_655_20mW_0216_0.dcimg.h5,None,538
20231118,Y:\segmentation2\20231118_kanazawa_pfa\good\ds4x_20231117_63148_pfa_B01_594_655_20mW_0217_0.dcimg.h5,None,539
20231118,Y:\segmentation2\20231118_kanazawa_pfa\good\ds4x_20231117_63148_pfa_B01_594_655_20mW_0218_0.dcimg.h5,None,540
20231209,Y:\segmentation2\20231209_kobayashi_control\good\ds4x_9122023_63148_control_594_655B_0003_.dcimg.h5,None,541
20231209,Y:\segmentation2\20231209_kobayashi_control\good\ds4x_9122023_63148_control_594_655_0010_.dcimg.h5,Y:\segmentation2\20231209_kobayashi_control\good\ds4x_9122023_63148_control_594_655_0010_CH.dcimg.labels.tif,542
20231209,Y:\segmentation2\20231209_kobayashi_control\good\ds4x_9122023_63148_control_594_655_0012_.dcimg.h5,Y:\segmentation2\20231209_kobayashi_control\good\ds4x_9122023_63148_control_594_655_0012_.dcimg.labels.tif,543
20231209,Y:\segmentation2\20231209_kobayashi_control\good\ds4x_9122023_63148_control_594_655_0015_.dcimg.h5,None,544
20231209,Y:\segmentation2\20231209_kobayashi_control\good\ds4x_9122023_63148_control_594_655_0016_.dcimg.h5,None,545
20231209,Y:\segmentation2\20231209_kobayashi_control\good\ds4x_9122023_63148_control_594_655_0021_.dcimg.h5,Y:\segmentation2\20231209_kobayashi_control\good\ds4x_9122023_63148_control_594_655_0021_CH.dcimg.labels.tif,546
20231209,Y:\segmentation2\20231209_kobayashi_control\good\ds4x_9122023_63148_control_594_655_0027_.dcimg.h5,None,547
20231209,Y:\segmentation2\20231209_kobayashi_control\good\ds4x_9122023_63148_control_594_655_0031_.dcimg.h5,Y:\segmentation2\20231209_kobayashi_control\good\ds4x_9122023_63148_control_594_655_0031_.dcimg.labels.tif,548
20231209,Y:\segmentation2\20231209_kobayashi_control\good\ds4x_9122023_63148_control_594_655_0039_.dcimg.h5,None,549
20231209,Y:\segmentation2\20231209_kobayashi_control\good\ds4x_9122023_63148_control_594_655_0040_.dcimg.h5,Y:\segmentation2\20231209_kobayashi_control\good\ds4x_9122023_63148_control_594_655_0040_.dcimg.labels_EN.tif,550
20231209,Y:\segmentation2\20231209_kobayashi_control\good\ds4x_9122023_63148_control_594_655_0041_.dcimg.h5,Y:\segmentation2\20231209_kobayashi_control\good\ds4x_9122023_63148_control_594_655_0041_CH.dcimg.labels.tif,551
20231209,Y:\segmentation2\20231209_kobayashi_control\good\ds4x_9122023_63148_control_594_655_0046_.dcimg.h5,None,552
20231209,Y:\segmentation2\20231209_kobayashi_control\good\ds4x_9122023_63148_control_594_655_0053_.dcimg.h5,None,553
20231209,Y:\segmentation2\20231209_kobayashi_control\good\ds4x_9122023_63148_control_594_655_0056_.dcimg.h5,Y:\segmentation2\20231209_kobayashi_control\good\ds4x_9122023_63148_control_594_655_0056_.dcimg.labels.tif,554
20231209,Y:\segmentation2\20231209_kobayashi_control\good\ds4x_9122023_63148_control_594_655_0057_.dcimg.h5,None,555
20231209,Y:\segmentation2\20231209_kobayashi_control\good\ds4x_9122023_63148_control_594_655_0058_.dcimg.h5,None,556
20231209,Y:\segmentation2\20231209_kobayashi_control\good\ds4x_9122023_63148_control_594_655_0059_.dcimg.h5,None,557
20231209,Y:\segmentation2\20231209_kobayashi_control\good\ds4x_9122023_63148_control_594_655_0061_.dcimg.h5,None,558
20231209,Y:\segmentation2\20231209_kobayashi_control\good\ds4x_9122023_63148_control_594_655_0063_.dcimg.h5,Y:\segmentation2\20231209_kobayashi_control\good\ds4x_9122023_63148_control_594_655_0063_CH.dcimg.labels.tif,559
20231209,Y:\segmentation2\20231209_kobayashi_control\good\ds4x_9122023_63148_control_594_655_0065_.dcimg.h5,None,560
20231209,Y:\segmentation2\20231209_kobayashi_control\good\ds4x_9122023_63148_control_594_655_0066_.dcimg.h5,None,561
20231209,Y:\segmentation2\20231209_kobayashi_control\good\ds4x_9122023_63148_control_594_655_0067_.dcimg.h5,None,562
20231209,Y:\segmentation2\20231209_kobayashi_control\good\ds4x_9122023_63148_control_594_655_0069_.dcimg.h5,None,563
20231209,Y:\segmentation2\20231209_kobayashi_control\good\ds4x_9122023_63148_control_594_655_0070_.dcimg.h5,Y:\segmentation2\20231209_kobayashi_control\good\ds4x_9122023_63148_control_594_655_0070_.dcimg.labels_EN.tif,564
20231209,Y:\segmentation2\20231209_kobayashi_control\good\ds4x_9122023_63148_control_594_655_0071_.dcimg.h5,None,565
20231209,Y:\segmentation2\20231209_kobayashi_control\good\ds4x_9122023_63148_control_594_655_0072_.dcimg.h5,None,566
20231209,Y:\segmentation2\20231209_kobayashi_control\good\ds4x_9122023_63148_control_594_655_0073_.dcimg.h5,None,567
20231209,Y:\segmentation2\20231209_kobayashi_control\good\ds4x_9122023_63148_control_594_655_0074_.dcimg.h5,None,568
20231209,Y:\segmentation2\20231209_kobayashi_control\good\ds4x_9122023_63148_control_594_655_0077_.dcimg.h5,Y:\segmentation2\20231209_kobayashi_control\good\ds4x_9122023_63148_control_594_655_0077_.dcimg.labels.tif,569
20231209,Y:\segmentation2\20231209_kobayashi_control\good\ds4x_9122023_63148_control_594_655_0079_.dcimg.h5,None,570
20231209,Y:\segmentation2\20231209_kobayashi_control\good\ds4x_9122023_63148_control_594_655_0080_.dcimg.h5,None,571
20231209,Y:\segmentation2\20231209_kobayashi_control\good\ds4x_9122023_63148_control_594_655_0083_.dcimg.h5,None,572
20231209,Y:\segmentation2\20231209_kobayashi_control\good\ds4x_9122023_63148_control_594_655_0087_.dcimg.h5,None,573
20231209,Y:\segmentation2\20231209_kobayashi_control\good\ds4x_9122023_63148_control_594_655_0088_.dcimg.h5,Y:\segmentation2\20231209_kobayashi_control\good\ds4x_9122023_63148_control_594_655_0088_.dcimg.labels.tif,574
20231209,Y:\segmentation2\20231209_kobayashi_control\good\ds4x_9122023_63148_control_594_655_0090_.dcimg.h5,None,575
20231209,Y:\segmentation2\20231209_kobayashi_control\good\ds4x_9122023_63148_control_594_655_0092_.dcimg.h5,None,576
20231209,Y:\segmentation2\20231209_kobayashi_control\good\ds4x_9122023_63148_control_594_655_0093_.dcimg.h5,None,577
20231209,Y:\segmentation2\20231209_kobayashi_control\good\ds4x_9122023_63148_control_594_655_0095_.dcimg.h5,Y:\segmentation2\20231209_kobayashi_control\good\ds4x_9122023_63148_control_594_655_0095_.dcimg.labels.tif,578
20231209,Y:\segmentation2\20231209_kobayashi_control\good\ds4x_9122023_63148_control_594_655_0096_.dcimg.h5,Y:\segmentation2\20231209_kobayashi_control\good\ds4x_9122023_63148_control_594_655_0096_CH.dcimg.labels.tif,579
20231211,Y:\segmentation2\20231211_kanazawa_pfa\good\ds4x_11122023_63148_pfa_594_655_0000_.dcimg.h5,Y:\segmentation2\20231211_kanazawa_pfa\good\ds4x_11122023_63148_pfa_594_655_0000_.dcimg.labels.tif,580
20231211,Y:\segmentation2\20231211_kanazawa_pfa\good\ds4x_11122023_63148_pfa_594_655_0001_.dcimg.h5,None,581
20231211,Y:\segmentation2\20231211_kanazawa_pfa\good\ds4x_11122023_63148_pfa_594_655_0003_.dcimg.h5,None,582
20231211,Y:\segmentation2\20231211_kanazawa_pfa\good\ds4x_11122023_63148_pfa_594_655_0004_.dcimg.h5,None,583
20231211,Y:\segmentation2\20231211_kanazawa_pfa\good\ds4x_11122023_63148_pfa_594_655_0006_.dcimg.h5,None,584
20231211,Y:\segmentation2\20231211_kanazawa_pfa\good\ds4x_11122023_63148_pfa_594_655_0007_.dcimg.h5,Y:\segmentation2\20231211_kanazawa_pfa\good\ds4x_11122023_63148_pfa_594_655_0007_.dcimg.labels.tif,585
20231211,Y:\segmentation2\20231211_kanazawa_pfa\good\ds4x_11122023_63148_pfa_594_655_0008_.dcimg.h5,Y:\segmentation2\20231211_kanazawa_pfa\good\ds4x_11122023_63148_pfa_594_655_0008_.dcimg.labels_EN.tif,586
20231211,Y:\segmentation2\20231211_kanazawa_pfa\good\ds4x_11122023_63148_pfa_594_655_0011_.dcimg.h5,None,587
20231211,Y:\segmentation2\20231211_kanazawa_pfa\good\ds4x_11122023_63148_pfa_594_655_0012_.dcimg.h5,None,588
20231211,Y:\segmentation2\20231211_kanazawa_pfa\good\ds4x_11122023_63148_pfa_594_655_0020_.dcimg.h5,Y:\segmentation2\20231211_kanazawa_pfa\good\ds4x_11122023_63148_pfa_594_655_0020_.dcimg.labels_EN.tif,589
20231211,Y:\segmentation2\20231211_kanazawa_pfa\good\ds4x_11122023_63148_pfa_594_655_0022_.dcimg.h5,None,590
20231211,Y:\segmentation2\20231211_kanazawa_pfa\good\ds4x_11122023_63148_pfa_594_655_0023_.dcimg.h5,None,591
20231211,Y:\segmentation2\20231211_kanazawa_pfa\good\ds4x_11122023_63148_pfa_594_655_0025_.dcimg.h5,None,592
20231211,Y:\segmentation2\20231211_kanazawa_pfa\good\ds4x_11122023_63148_pfa_594_655_0028_.dcimg.h5,None,593
20231211,Y:\segmentation2\20231211_kanazawa_pfa\good\ds4x_11122023_63148_pfa_594_655_0030_.dcimg.h5,None,594
20231211,Y:\segmentation2\20231211_kanazawa_pfa\good\ds4x_11122023_63148_pfa_594_655_0031_.dcimg.h5,None,595
20231211,Y:\segmentation2\20231211_kanazawa_pfa\good\ds4x_11122023_63148_pfa_594_655_0032_.dcimg.h5,Y:\segmentation2\20231211_kanazawa_pfa\good\ds4x_11122023_63148_pfa_594_655_0032_CH.dcimg.labels.tif,596
20231211,Y:\segmentation2\20231211_kanazawa_pfa\good\ds4x_11122023_63148_pfa_594_655_0034_.dcimg.h5,None,597
20231211,Y:\segmentation2\20231211_kanazawa_pfa\good\ds4x_11122023_63148_pfa_594_655_0036_.dcimg.h5,None,598
20231211,Y:\segmentation2\20231211_kanazawa_pfa\good\ds4x_11122023_63148_pfa_594_655_0042_.dcimg.h5,None,599
20231211,Y:\segmentation2\20231211_kanazawa_pfa\good\ds4x_11122023_63148_pfa_594_655_0043_.dcimg.h5,Y:\segmentation2\20231211_kanazawa_pfa\good\ds4x_11122023_63148_pfa_594_655_0043_.dcimg.labels_EN.tif,600
20231211,Y:\segmentation2\20231211_kanazawa_pfa\good\ds4x_11122023_63148_pfa_594_655_0044_.dcimg.h5,None,601
20231211,Y:\segmentation2\20231211_kanazawa_pfa\good\ds4x_11122023_63148_pfa_594_655_0047_.dcimg.h5,None,602
20231211,Y:\segmentation2\20231211_kanazawa_pfa\good\ds4x_11122023_63148_pfa_594_655_0048_.dcimg.h5,None,603
20231211,Y:\segmentation2\20231211_kanazawa_pfa\good\ds4x_11122023_63148_pfa_594_655_0050_.dcimg.h5,Y:\segmentation2\20231211_kanazawa_pfa\good\ds4x_11122023_63148_pfa_594_655_0050_.dcimg.labels.tif,604
20231211,Y:\segmentation2\20231211_kanazawa_pfa\good\ds4x_11122023_63148_pfa_594_655_0052_.dcimg.h5,None,605
20231211,Y:\segmentation2\20231211_kanazawa_pfa\good\ds4x_11122023_63148_pfa_594_655_0065_.dcimg.h5,Y:\segmentation2\20231211_kanazawa_pfa\good\ds4x_11122023_63148_pfa_594_655_0065_.dcimg.labels_EN.tif,606
20231211,Y:\segmentation2\20231211_kanazawa_pfa\good\ds4x_11122023_63148_pfa_594_655_0066_.dcimg.h5,None,607
20231211,Y:\segmentation2\20231211_kanazawa_pfa\good\ds4x_11122023_63148_pfa_594_655_0067_.dcimg.h5,None,608
20231211,Y:\segmentation2\20231211_kanazawa_pfa\good\ds4x_11122023_63148_pfa_594_655_0068_.dcimg.h5,Y:\segmentation2\20231211_kanazawa_pfa\good\ds4x_11122023_63148_pfa_594_655_0068_CH.dcimg.labels.tif,609
20231211,Y:\segmentation2\20231211_kanazawa_pfa\good\ds4x_11122023_63148_pfa_594_655_0069_.dcimg.h5,None,610
20231211,Y:\segmentation2\20231211_kanazawa_pfa\good\ds4x_11122023_63148_pfa_594_655_0071_.dcimg.h5,Y:\segmentation2\20231211_kanazawa_pfa\good\ds4x_11122023_63148_pfa_594_655_0071_CH.dcimg.labels.tif,611
20231211,Y:\segmentation2\20231211_kanazawa_pfa\good\ds4x_11122023_63148_pfa_594_655_0072_.dcimg.h5,None,612
20231211,Y:\segmentation2\20231211_kanazawa_pfa\good\ds4x_11122023_63148_pfa_594_655_0073_.dcimg.h5,None,613
20231211,Y:\segmentation2\20231211_kanazawa_pfa\good\ds4x_11122023_63148_pfa_594_655_0074_.dcimg.h5,None,614
20231211,Y:\segmentation2\20231211_kanazawa_pfa\good\ds4x_11122023_63148_pfa_594_655_0076_.dcimg.h5,None,615
20231211,Y:\segmentation2\20231211_kanazawa_pfa\good\ds4x_11122023_63148_pfa_594_655_0079_.dcimg.h5,None,616
20231211,Y:\segmentation2\20231211_kanazawa_pfa\good\ds4x_11122023_63148_pfa_594_655_0080_.dcimg.h5,None,617
20231211,Y:\segmentation2\20231211_kanazawa_pfa\good\ds4x_11122023_63148_pfa_594_655_0082_.dcimg.h5,None,618
20231211,Y:\segmentation2\20231211_kanazawa_pfa\good\ds4x_11122023_63148_pfa_594_655_0083_.dcimg.h5,None,619
20231211,Y:\segmentation2\20231211_kanazawa_pfa\good\ds4x_11122023_63148_pfa_594_655_0084_.dcimg.h5,None,620
20231211,Y:\segmentation2\20231211_kanazawa_pfa\good\ds4x_11122023_63148_pfa_594_655_0085_.dcimg.h5,None,621
20231211,Y:\segmentation2\20231211_kanazawa_pfa\good\ds4x_11122023_63148_pfa_594_655_0086_.dcimg.h5,None,622
20231211,Y:\segmentation2\20231211_kanazawa_pfa\good\ds4x_11122023_63148_pfa_594_655_0087_.dcimg.h5,None,623
20231211,Y:\segmentation2\20231211_kanazawa_pfa\good\ds4x_11122023_63148_pfa_594_655_0088_.dcimg.h5,Y:\segmentation2\20231211_kanazawa_pfa\good\ds4x_11122023_63148_pfa_594_655_0088_.dcimg.labels_EN.tif,624
20231211,Y:\segmentation2\20231211_kanazawa_pfa\good\ds4x_11122023_63148_pfa_594_655_0090_.dcimg.h5,Y:\segmentation2\20231211_kanazawa_pfa\good\ds4x_11122023_63148_pfa_594_655_0090_.dcimg.labels_EN.tif,625
20231211,Y:\segmentation2\20231211_kanazawa_pfa\good\ds4x_11122023_63148_pfa_594_655_0091_.dcimg.h5,None,626
20231211,Y:\segmentation2\20231211_kanazawa_pfa\good\ds4x_11122023_63148_pfa_594_655_0092_.dcimg.h5,None,627
20231211,Y:\segmentation2\20231211_kanazawa_pfa\good\ds4x_11122023_63148_pfa_594_655_0093_.dcimg.h5,None,628
20231211,Y:\segmentation2\20231211_kanazawa_pfa\good\ds4x_11122023_63148_pfa_594_655_0095_.dcimg.h5,None,629
20231211,Y:\segmentation2\20231211_kanazawa_pfa\good\ds4x_11122023_63148_pfa_594_655_0096_.dcimg.h5,None,630
20231211,Y:\segmentation2\20231211_kanazawa_pfa\good\ds4x_11122023_63148_pfa_594_655_0097_.dcimg.h5,Y:\segmentation2\20231211_kanazawa_pfa\good\ds4x_11122023_63148_pfa_594_655_0097_.dcimg.labels_EN.tif,631
20231211,Y:\segmentation2\20231211_kanazawa_pfa\good\ds4x_11122023_63148_pfa_594_655_0098_.dcimg.h5,None,632
20240112,Y:\segmentation2\20240112_walker\good\ds4x_20240112_63148_594_655B1_0003_.dcimg.h5,Y:\segmentation2\20240112_walker\good\ds4x_20240112_63148_594_655B1_0003_.dcimg.labels.tif,633
20240112,Y:\segmentation2\20240112_walker\good\ds4x_20240112_63148_594_655B1_0005_.dcimg.h5,Y:\segmentation2\20240112_walker\good\ds4x_20240112_63148_594_655B1_0005_.dcimg.labels.tif,634
20240112,Y:\segmentation2\20240112_walker\good\ds4x_20240112_63148_594_655B1_0012_.dcimg.h5,Y:\segmentation2\20240112_walker\good\ds4x_20240112_63148_594_655B1_0012_.dcimg.labels.tif,635
20240112,Y:\segmentation2\20240112_walker\good\ds4x_20240112_63148_594_655B1_0013_.dcimg.h5,Y:\segmentation2\20240112_walker\good\ds4x_20240112_63148_594_655B1_0013_.dcimg.labels.tif,636
20240112,Y:\segmentation2\20240112_walker\good\ds4x_20240112_63148_594_655B1_0015_.dcimg.h5,Y:\segmentation2\20240112_walker\good\ds4x_20240112_63148_594_655B1_0015_.dcimg.labels.tif,637
20240112,Y:\segmentation2\20240112_walker\good\ds4x_20240112_63148_594_655B1_0020_.dcimg.h5,Y:\segmentation2\20240112_walker\good\ds4x_20240112_63148_594_655B1_0020_.dcimg.labels.tif,638
20240112,Y:\segmentation2\20240112_walker\good\ds4x_20240112_63148_594_655B1_0026_.dcimg.h5,Y:\segmentation2\20240112_walker\good\ds4x_20240112_63148_594_655B1_0026_.dcimg.labels.tif,639
20240112,Y:\segmentation2\20240112_walker\good\ds4x_20240112_63148_594_655B1_0027_.dcimg.h5,None,640
20240112,Y:\segmentation2\20240112_walker\good\ds4x_20240112_63148_594_655B1_0029_.dcimg.h5,None,641
20240112,Y:\segmentation2\20240112_walker\good\ds4x_20240112_63148_594_655B1_0031_.dcimg.h5,None,642
20240112,Y:\segmentation2\20240112_walker\good\ds4x_20240112_63148_594_655B1_0034_.dcimg.h5,None,643
20240112,Y:\segmentation2\20240112_walker\good\ds4x_20240112_63148_594_655B1_0038_.dcimg.h5,None,644
20240112,Y:\segmentation2\20240112_walker\good\ds4x_20240112_63148_594_655B1_0039_.dcimg.h5,Y:\segmentation2\20240112_walker\good\ds4x_20240112_63148_594_655B1_0039_.dcimg.labels_EN.tif,645
20240112,Y:\segmentation2\20240112_walker\good\ds4x_20240112_63148_594_655B1_0040_.dcimg.h5,None,646
20240112,Y:\segmentation2\20240112_walker\good\ds4x_20240112_63148_594_655B1_0041_.dcimg.h5,None,647
20240112,Y:\segmentation2\20240112_walker\good\ds4x_20240112_63148_594_655B1_0047_.dcimg.h5,None,648
20240112,Y:\segmentation2\20240112_walker\good\ds4x_20240112_63148_594_655B1_0051_.dcimg.h5,Y:\segmentation2\20240112_walker\good\ds4x_20240112_63148_594_655B1_0051_.dcimg.labels_EN.tif,649
20240112,Y:\segmentation2\20240112_walker\good\ds4x_20240112_63148_594_655B1_0054_.dcimg.h5,None,650
20240112,Y:\segmentation2\20240112_walker\good\ds4x_20240112_63148_594_655B1_0060_.dcimg.h5,Y:\segmentation2\20240112_walker\good\ds4x_20240112_63148_594_655B1_0060_.dcimg.labels_EN.tif,651
20240112,Y:\segmentation2\20240112_walker\good\ds4x_20240112_63148_594_655B1_0068_.dcimg.h5,Y:\segmentation2\20240112_walker\good\ds4x_20240112_63148_594_655B1_0068_.dcimg.labels_EN.tif,652
20240112,Y:\segmentation2\20240112_walker\good\ds4x_20240112_63148_594_655B1_0070_.dcimg.h5,Y:\segmentation2\20240112_walker\good\ds4x_20240112_63148_594_655B1_0070_.dcimg.labels.tif,653
20240112,Y:\segmentation2\20240112_walker\good\ds4x_20240112_63148_594_655B1_0073_.dcimg.h5,None,654
20240119,Y:\segmentation2\20240119_kanazawa_pfa\good\ds4x_20240119_63148_pfa_594_655B1_0000_.dcimg.h5,Y:\segmentation2\20240119_kanazawa_pfa\good\ds4x_20240119_63148_pfa_594_655B1_0000_.dcimg.labels.tif,655
20240119,Y:\segmentation2\20240119_kanazawa_pfa\good\ds4x_20240119_63148_pfa_594_655B1_0006_.dcimg.h5,Y:\segmentation2\20240119_kanazawa_pfa\good\ds4x_20240119_63148_pfa_594_655B1_0006_.dcimg.labels.tif,656
20240119,Y:\segmentation2\20240119_kanazawa_pfa\good\ds4x_20240119_63148_pfa_594_655B1_0010_.dcimg.h5,Y:\segmentation2\20240119_kanazawa_pfa\good\ds4x_20240119_63148_pfa_594_655B1_0010_.dcimg.labels.tif,657
20240119,Y:\segmentation2\20240119_kanazawa_pfa\good\ds4x_20240119_63148_pfa_594_655B1_0012_.dcimg.h5,Y:\segmentation2\20240119_kanazawa_pfa\good\ds4x_20240119_63148_pfa_594_655B1_0012_.dcimg.labels_EN.tif,658
20240119,Y:\segmentation2\20240119_kanazawa_pfa\good\ds4x_20240119_63148_pfa_594_655B1_0019_.dcimg.h5,Y:\segmentation2\20240119_kanazawa_pfa\good\ds4x_20240119_63148_pfa_594_655B1_0019_.dcimg.labels.tif,659
20240119,Y:\segmentation2\20240119_kanazawa_pfa\good\ds4x_20240119_63148_pfa_594_655B1_0021_.dcimg.h5,Y:\segmentation2\20240119_kanazawa_pfa\good\ds4x_20240119_63148_pfa_594_655B1_0021_.dcimg.labels.tif,660
20240119,Y:\segmentation2\20240119_kanazawa_pfa\good\ds4x_20240119_63148_pfa_594_655B1_0025_.dcimg.h5,Y:\segmentation2\20240119_kanazawa_pfa\good\ds4x_20240119_63148_pfa_594_655B1_0025_.dcimg.labels_EN.tif,661
20240119,Y:\segmentation2\20240119_kanazawa_pfa\good\ds4x_20240119_63148_pfa_594_655B1_0031_.dcimg.h5,Y:\segmentation2\20240119_kanazawa_pfa\good\ds4x_20240119_63148_pfa_594_655B1_0031_.dcimg.labels_EN.tif,662
20240119,Y:\segmentation2\20240119_kanazawa_pfa\good\ds4x_20240119_63148_pfa_594_655B1_0032_.dcimg.h5,Y:\segmentation2\20240119_kanazawa_pfa\good\ds4x_20240119_63148_pfa_594_655B1_0032_.dcimg.labels_EN.tif,663
20240119,Y:\segmentation2\20240119_kanazawa_pfa\good\ds4x_20240119_63148_pfa_594_655B1_0034_.dcimg.h5,None,664
20240119,Y:\segmentation2\20240119_kanazawa_pfa\good\ds4x_20240119_63148_pfa_594_655B1_0036_.dcimg.h5,Y:\segmentation2\20240119_kanazawa_pfa\good\ds4x_20240119_63148_pfa_594_655B1_0036_.dcimg.labels_EN.tif,665
20240119,Y:\segmentation2\20240119_kanazawa_pfa\good\ds4x_20240119_63148_pfa_594_655B1_0038_.dcimg.h5,None,666
20240119,Y:\segmentation2\20240119_kanazawa_pfa\good\ds4x_20240119_63148_pfa_594_655B1_0039_.dcimg.h5,None,667
20240119,Y:\segmentation2\20240119_kanazawa_pfa\good\ds4x_20240119_63148_pfa_594_655B1_0040_.dcimg.h5,Y:\segmentation2\20240119_kanazawa_pfa\good\ds4x_20240119_63148_pfa_594_655B1_0040_.dcimg.labels_EN.tif,668
20240119,Y:\segmentation2\20240119_kanazawa_pfa\good\ds4x_20240119_63148_pfa_594_655B1_0047_.dcimg.h5,Y:\segmentation2\20240119_kanazawa_pfa\good\ds4x_20240119_63148_pfa_594_655B1_0047_.dcimg.labels.tif,669
20240119,Y:\segmentation2\20240119_kanazawa_pfa\good\ds4x_20240119_63148_pfa_594_655B1_0048_.dcimg.h5,None,670
20240119,Y:\segmentation2\20240119_kanazawa_pfa\good\ds4x_20240119_63148_pfa_594_655B1_0049_.dcimg.h5,None,671
20240119,Y:\segmentation2\20240119_kanazawa_pfa\good\ds4x_20240119_63148_pfa_594_655B1_0050_.dcimg.h5,None,672
20240119,Y:\segmentation2\20240119_kanazawa_pfa\good\ds4x_20240119_63148_pfa_594_655B1_0051_.dcimg.h5,Y:\segmentation2\20240119_kanazawa_pfa\good\ds4x_20240119_63148_pfa_594_655B1_0051_.dcimg.labels.tif,673
20240119,Y:\segmentation2\20240119_kanazawa_pfa\good\ds4x_20240119_63148_pfa_594_655B1_0057_.dcimg.h5,None,674
20240119,Y:\segmentation2\20240119_kanazawa_pfa\good\ds4x_20240119_63148_pfa_594_655B1_0058_.dcimg.h5,None,675
20240119,Y:\segmentation2\20240119_kanazawa_pfa\good\ds4x_20240119_63148_pfa_594_655B1_0059_.dcimg.h5,None,676
